Source,Category,URL,Coverage / What it provides,Free vs Paid,Update Frequency,Supply/Demand Signal,Forecast Model Role
WSTS (World Semiconductor Trade Statistics),Industry trade statistics,https://www.wsts.org/,"Industry-collected monthly billings (revenue, units, ASP) by 4 regions and product line; semi-annual spring/autumn forecast; Blue Book free download in Excel","Free (Blue Book headline); Paid (granular subscription, 200+ categories)",Monthly (~5 wks after month-end); Forecast semi-annual,Both,Ground-truth baseline for realized shipments; consensus forecast anchor
SIA (Semiconductor Industry Association),Industry trade statistics,https://www.semiconductors.org/data-resources/market-data/,"Republishes WSTS; free monthly press releases; Unit Sales Dashboard by category (Logic, Analog, Memory, Discretes, Sensors, MOS Micro, Optoelectronics); annual Databook","Free (releases, dashboard); Paid (Databook, WSTS package)",Monthly,Both,Quick read on category-level demand; segment mix trends
"ESIA / regional associations (JEITA, KSIA, TSIA, CSIA)",Industry trade statistics,https://www.eusemiconductors.eu/esia/industry-statistics/wsts,Regional WSTS data-collection agents; region-specific revenue and product breakouts,Free (headline); Paid (subscription),Monthly / Quarterly,Both,Regional demand decomposition
MacroMicro,Industry trade statistics (aggregator),https://en.macromicro.me/charts/123260/global-semiconductor-billings-single-month,Free charting of WSTS billings and related macro series; ready-made visualizations,Free (basic); Paid (premium charts),Monthly,Both,Convenient visualization layer over WSTS
SEMI,Equipment & capacity,https://www.semi.org/,"Monthly equipment billings; North America book-to-bill (22 categories, 7 regions); World Fab Forecast; capacity reports","Free (book-to-bill headline); Paid (Fab Forecast, capacity DB)",Monthly (billings); Quarterly (fab),Supply (leading),Fab buildout / future capacity; equipment orders lead output by quarters
SEAJ (Semiconductor Equipment Assoc. of Japan),Equipment & capacity,https://www.seaj.or.jp/en/,Monthly book-to-bill for Japan-HQ equipment makers (3-month moving average),"Free (headline); Paid (detailed, members)",Monthly,Supply (leading),Cross-check on global equipment demand
"Equipment makers (ASML, Applied Materials, Lam, Tokyo Electron, KLA)",Equipment & capacity,https://www.asml.com/en/investors,"Order books, bookings, backlog, management commentary on fab demand",Free (filings/IR),Quarterly,Supply (leading),Real-time read on fab capex intentions
TrendForce,Memory pricing & forecasts,https://www.trendforce.com/,"DRAM/NAND contract price forecasts; HBM, AI server shipments, foundry/capacity; free press releases, paid research","Free (press releases); Paid (research, Gold+ data)",Biweekly / Monthly / Quarterly,Both,Memory supply-demand balance; pricing trajectory (critical for DRAM ETF)
DRAMeXchange (TrendForce),Memory pricing,https://dramexchange.com/,"DRAM spot, module spot, flash spot, GDDR, LPDDR, wafer spot prices",Free (spot snapshots); Paid (full history/contract),Daily / Weekly,Both,Real-time memory price tension; spot-vs-contract divergence
Counterpoint Research,Memory & components,https://www.counterpointresearch.com/,"Memory, smartphone, component shipment and price tracking",Paid (some free notes),Monthly / Quarterly,Both,Secondary memory and handset demand cross-check
Gartner,Market research / forecasts,https://www.gartner.com/,"Semiconductor & electronics revenue forecasts, end-market demand models, market share",Paid,Quarterly,Both,Consensus demand forecast; share data
IDC,Market research / forecasts,https://www.idc.com/ap/resource-center/semicon/,"Supply-chain coverage; quarterly worldwide foundry database (capacity, utilization, node trends)",Paid (some free PRs),Quarterly,Both,Foundry capacity & utilization modeling
TechInsights (incl. McClean Report / former IC Insights),Market research / forecasts,https://www.techinsights.com/market-analysis/chip-market-research,McClean Report / Semiconductor Overview Forecast; weekly supply-chain analytics; end-demand focus,Paid,Weekly / Annual,Both,Deep forecast + weekly demand pulse
Yole Group,Market research / forecasts,https://www.yolegroup.com/semiconductor-market-trends/,"Device-level forecasts in units and value to wafer level; supply chain, China focus; 50+ reports/yr",Paid (some free PRs),Annual / Ongoing,Both,Device-segment and wafer-level supply chain detail
Omdia / Future Horizons / Semiconductor Intelligence,Market research / forecasts,https://omdia.tech.informa.com/,Additional independent market forecasts and cycle commentary,Paid / Free (some commentary),Quarterly,Both,Forecast triangulation
Epoch AI,AI-compute demand drivers,https://epoch.ai/trends,"Trends dashboard + data explorers (AI chip sales, ML hardware, data centers); compute growth, efficiency, hardware price/perf; downloadable",Free,~Quarterly updates,Demand (AI),Quantifies AI chip demand growth and efficiency deflator
SemiAnalysis,AI-compute demand & chokepoints,https://semianalysis.com/,"GPU Pricing Index; Accelerator & HBM, Memory, Foundry, Datacenter, AI Cloud TCO models; GPU rental pricing API",Paid (mostly); Free (some newsletter),Ongoing,Both,"Best chokepoint granularity (HBM, packaging, GPU pricing)"
"Hyperscaler capex (Microsoft, Amazon, Google, Meta)",AI-compute demand drivers,https://abc.xyz/investor/,Quarterly capital-expenditure guidance and AI infrastructure commentary,Free (filings/IR),Quarterly,"Demand (AI, leading)",Most-watched leading indicator of AI chip demand
NVIDIA,Company primary source,https://investor.nvidia.com/,"Earnings, data center revenue, guidance, demand commentary",Free,Quarterly,Demand,Demand-setting node for AI accelerators
TSMC,Company primary source,https://investor.tsmc.com/,Monthly revenue releases; quarterly capex and utilization commentary,Free,Monthly (revenue) / Quarterly,Supply,Most timely leading-edge foundry supply signal
"Memory makers (Samsung, SK Hynix, Micron)",Company primary source,https://investor.micron.com/,"Guidance on bit supply growth, capex, HBM allocation, inventory",Free,Quarterly,Both,Memory supply discipline and HBM allocation
"Other constituents (AMD, Broadcom, Intel, Qualcomm, analog/MCU names)",Company primary source,https://www.sec.gov/cgi-bin/browse-edgar,"Filings/earnings: book-to-bill, inventory days, bookings, end-market color",Free,Quarterly,Both,Per-name demand color and turn signals
US Census Bureau / USITC DataWeb,Government & trade flow,https://dataweb.usitc.gov/,Semiconductor import/export flows by country and HS code,Free,Monthly,Both,Trade-flow demand/supply by geography
FRED (St. Louis Fed),Government & trade flow,https://fred.stlouisfed.org/series/IY3344,"Industrial Production (NAICS 3344), import/export price indices, capacity utilization series",Free,Monthly,Both,"Macro supply (production, utilization) and price indices"
US BIS (Bureau of Industry and Security),Government & trade flow,https://www.bis.gov/,Mature-node use reports; export-control context,Free,Ad hoc,Supply (policy),Policy / export-control constraints on supply
Taiwan MOEA / MOF export orders,Government & trade flow,https://eweb.trade.gov.tw/,Monthly export orders and trade statistics from upstream economy,Free,Monthly,Demand (leading),Early monthly read on chip demand
Korea trade statistics (KITA),Government & trade flow,https://www.kita.org/,Monthly Korean export/trade data incl. semiconductors,Free,Monthly (incl. 10/20-day flash),Demand (leading),Earliest monthly demand pulse (memory-heavy)
Trading Economics,Government & trade flow (aggregator),https://tradingeconomics.com/,"Aggregates national trade, export, and production series in one place",Free (basic); Paid (API/history),Monthly,Both,One-stop national indicator aggregation
ISM / PMI Manufacturing New Orders,Macro / end-market,https://www.ismworld.org/,Manufacturing new-orders momentum,Free (headline),Monthly,Demand (leading),Broad cyclical demand turn signal
"Smartphone/PC shipment trackers (IDC, Canalys, Counterpoint)",Macro / end-market,https://www.canalys.com/,Device shipment volumes for handset/PC end markets,Paid (some free PRs),Quarterly,Demand,End-market demand for non-AI constituents
Auto production data (OICA / S&P Global Mobility),Macro / end-market,https://www.oica.net/,Vehicle production volumes (drives analog/MCU demand),Free / Paid,Monthly / Quarterly,Demand,Auto-exposed analog & MCU demand