Name,Cumulative through,Designer,Series start date,End date,Logic wafers (5th percentile),Logic wafers (median),Logic wafers (95th percentile),Logic cost (USD) (5th percentile),Logic cost (USD) (median),Logic cost (USD) (95th percentile),CoWoS wafers (5th percentile),CoWoS wafers (median),CoWoS wafers (95th percentile),CoWoS cost (USD) (5th percentile),CoWoS cost (USD) (median),CoWoS cost (USD) (95th percentile),HBM cost (USD) (5th percentile),HBM cost (USD) (median),HBM cost (USD) (95th percentile),Auxiliary cost (USD) (5th percentile),Auxiliary cost (USD) (median),Auxiliary cost (USD) (95th percentile)
NVIDIA cumulative through Q1 2024,Q1 2024,NVIDIA,2024-01-01,2024-03-31,17488.28194863141,18922.977953787948,20454.0283203096,271443814.3525859,330746605.28612995,399703606.89406383,27795.913070117138,29909.807236640365,32164.880420059355,270580982.517721,358689631.51544344,461904587.23524076,1022280199.990036,1123336716.2968764,1244577570.3391902,265292811.44073424,292668456.0449016,320982874.96500605
NVIDIA cumulative through Q2 2024,Q2 2024,NVIDIA,2024-01-01,2024-06-30,39630.10617054985,42189.17515103394,44879.3788496557,619386905.2350234,738095837.867927,871178474.1193492,62880.442821745215,66835.03872008307,70939.73033623355,614869926.8736179,801547892.9254062,1014124939.3431208,2429765472.685103,2644605763.2050695,2905565391.115211,619141289.356004,662386786.9241836,706611348.8360375
NVIDIA cumulative through Q3 2024,Q3 2024,NVIDIA,2024-01-01,2024-09-30,70658.98699045583,74160.53589498243,77808.85127743236,1098484326.7773755,1297525133.316824,1518794953.0214028,108673.68552662754,114134.20446937202,119768.27315724072,1084598122.2115352,1416524902.1950192,1782229234.261183,4492961002.644396,4852782379.705335,5307079751.847642,1053853206.9263728,1113609267.6625934,1174882836.1849341
NVIDIA cumulative through Q4 2024,Q4 2024,NVIDIA,2024-01-01,2024-12-31,121200.85741943568,126078.03756918722,131197.41774910674,1881745197.7305412,2206232847.848495,2562142793.9498434,180244.24864876058,187387.7889827145,194968.01259201506,1859203110.4711652,2442365445.913093,3052263043.533821,7811364507.574402,8386278310.728777,9119844972.044985,1611098552.9309785,1683155463.6722603,1757481016.8530593
NVIDIA cumulative through Q1 2025,Q1 2025,NVIDIA,2024-01-01,2025-03-31,178990.28662480487,185053.676942576,191263.1264455456,2780001498.242406,3237157419.2560425,3738200559.834321,260473.77600156813,269107.5634568363,277942.6402666562,2762853424.9021754,3642922178.055155,4533840878.006034,11831288297.302446,12651124677.055115,13753389147.150072,2453325193.2911053,2543227533.830243,2635730629.740987
NVIDIA cumulative through Q2 2025,Q2 2025,NVIDIA,2024-01-01,2025-06-30,238735.3509057136,246075.69053896805,253677.33291457169,3711658700.8415613,4305063935.720083,4952244111.336653,337964.59823852987,347885.37644198665,358078.72182206996,3689417404.7089086,4896802158.734383,6080280110.103237,16281182669.899597,17436793109.241875,19045659524.67291,3202808802.510654,3302355138.023223,3404775790.6810374
NVIDIA cumulative through Q3 2025,Q3 2025,NVIDIA,2024-01-01,2025-09-30,319830.5360490042,328968.25313055486,337844.4870099524,4979886677.619858,5754418514.68088,6590518169.325819,436461.0101091775,448345.86575567635,460015.541602239,4918089076.1175995,6561179076.758657,8115828829.66542,22580521287.043068,24209780083.64083,26506405470.54793,4115069519.5918074,4224703579.557968,4335965451.168156
NVIDIA cumulative through Q4 2025,Q4 2025,NVIDIA,2024-01-01,2025-12-31,419882.45437025453,432928.41052051284,446445.29761856125,6508657143.299268,7573004500.803612,8740574873.917364,550705.7924314626,564762.5667409643,578592.4980807762,6333156110.041946,8530894106.514032,10574778395.99761,30515701375.453693,32764022613.16067,35954601753.17727,5167114070.661909,5292013693.372592,5416022128.564061
AMD cumulative through Q1 2024,Q1 2024,AMD,2024-01-01,2024-03-31,1273.943049743474,1472.954243890654,1691.8084167252887,19680879.811746858,25740872.184823878,32984226.95825608,5619.699109078116,6445.834831613462,7351.975853155531,54257085.966215596,77300436.57882716,105636580.27070977,189500741.08631355,219267296.5602399,252413871.040947,13863217.629023448,17214532.186499916,20902670.902153462
AMD cumulative through Q2 2024,Q2 2024,AMD,2024-01-01,2024-06-30,3397.1356767011234,3742.2751633333764,4099.705005723053,52979249.669210196,65461466.07897888,79656958.60009497,15293.72780224051,16821.138350162637,18429.01229862951,148837761.30934054,201772684.5216753,263935876.8917514,506854760.1248212,564773430.4953353,625848983.51113,51114531.51418159,57987054.98940855,65399885.28006052
AMD cumulative through Q3 2024,Q3 2024,AMD,2024-01-01,2024-09-30,6577.28900430811,7161.5566348282855,7801.259391872323,99799905.97195151,125149115.09178516,155529041.75583005,29810.611533545878,32398.092874383838,35142.472496405535,283305658.5687693,388189836.7352104,516046772.8912987,984519327.1865083,1082746956.7687063,1190429937.8518221,106885044.72792308,116639048.28704235,126712717.89585759
AMD cumulative through Q4 2024,Q4 2024,AMD,2024-01-01,2024-12-31,9981.646888702799,10652.852785155203,11367.876397796354,151760523.62006992,186059008.20998237,226619646.7993775,45783.05003654979,48908.653356513525,52255.516268277475,434726583.2094587,585749105.0488062,767933143.69259,1545563619.7738283,1673553991.7798834,1811846714.4572477,189384794.5162744,205753111.6296702,224203202.23401967
AMD cumulative through Q1 2025,Q1 2025,AMD,2024-01-01,2025-03-31,12890.164231089095,13598.231201741004,14314.298805449795,197946210.68235847,237991715.70611104,282842180.2601067,59648.95188289362,62932.37757877805,66295.1856947883,572097821.225987,754845571.1662095,964434777.6046689,2050780724.9430158,2198292122.416935,2353185395.763646,274095330.58909047,291117213.0998744,309019886.2237513
AMD cumulative through Q2 2025,Q2 2025,AMD,2024-01-01,2025-06-30,15671.635105218806,16479.93522462473,17315.146999689565,239123887.69432053,291262951.21740997,349697848.7625803,72297.17330027817,75979.1999228122,79776.80626895791,688002684.9173014,911122509.5198904,1169237976.6658933,2589094822.9986243,2768345924.2767415,2957255858.774749,343462741.02299374,361169678.5484382,379476041.54536843
AMD cumulative through Q3 2025,Q3 2025,AMD,2024-01-01,2025-09-30,18509.827763146335,19569.533502488594,20707.982298226554,283051009.23236215,350786176.6759496,426242982.16654694,84859.33797019477,89539.08046410952,94508.07470367789,803528233.3145369,1073747048.7592094,1391140656.0043643,3200520835.4470487,3446668462.668,3719860380.5016007,422393389.3402748,445338479.57990515,469039848.2798769
AMD cumulative through Q4 2025,Q4 2025,AMD,2024-01-01,2025-12-31,21518.616357875082,23027.255234878987,24646.09483972396,330590215.4075616,417385205.50156176,514948671.64318013,98029.67275668995,104547.63491950654,111528.42937971115,927517820.0534277,1253145934.218676,1643679074.63622,3895225618.634205,4269080131.940967,4692742161.272943,512832264.52153134,546781041.4989194,583212917.4679024
AMD cumulative through Q1 2026,Q1 2026,AMD,2024-01-01,2026-03-31,22193.783140332594,23841.54004346818,25605.83848593393,341551860.7688937,433197469.24461114,536675124.8076996,102394.88775206785,109760.00203758146,117645.61002063919,969004567.3784821,1315119696.7713866,1734493645.6981442,4185366275.2186747,4649312381.812286,5167719022.561033,612373519.6264926,664213285.7225713,719902495.5956337
Google cumulative through Q1 2024,Q1 2024,Google,2024-01-01,2024-03-31,4435.284210216598,5104.858887721535,5815.378267948521,66515489.79986132,89177305.81155717,116496927.32066043,9230.564140054432,10522.737656768153,11903.030598591375,87452842.06105377,126095006.58143184,173947961.28705472,195592919.99569243,238056554.20905635,286349275.2064314,114910956.10210471,135304120.81921077,157291794.92933148
Google cumulative through Q2 2024,Q2 2024,Google,2024-01-01,2024-06-30,9944.597463899832,11168.636220463664,12427.614592591277,147517022.56538555,195015792.37160563,251304388.53116354,19953.9555102019,22347.140263011028,24863.203188213927,187342310.40948752,267792794.07945898,366135024.67997056,436538383.8020645,525452116.80616224,623568234.3505156,250427270.84048837,283002205.5022298,316988100.13468874
Google cumulative through Q3 2024,Q3 2024,Google,2024-01-01,2024-09-30,17114.765678928234,18800.061892744456,20565.449887615836,255019493.1338109,328672664.2155508,414555230.0291703,32604.509738841836,35842.28294722288,39237.85669477189,306299298.83042055,429871136.28051984,578939425.3223213,713575217.8457376,841443603.8512695,982481156.7272472,401566151.60817033,446136980.9364104,491909991.0662679
Google cumulative through Q4 2024,Q4 2024,Google,2024-01-01,2024-12-31,26348.450454157446,28649.510036906184,30886.819110669392,396851108.728074,500396696.5895061,619610851.2553657,46893.599444234584,50931.037051545754,55008.600101115255,442168865.5395343,610098923.409509,810536650.4871991,1025707203.2954912,1179726042.7542942,1350264564.404042,575249143.1484637,628424776.7593789,683446764.3241361
Google cumulative through Q1 2025,Q1 2025,Google,2024-01-01,2025-03-31,38471.503749958945,41367.0710571799,44329.087763255106,585453641.5629311,723242228.8477461,879186504.4791908,63856.536469729115,68556.53746879786,73377.21554080937,605064711.5359974,821676687.140912,1075312959.8048384,1372708706.1594782,1543862536.5186715,1731660217.6690733,757542951.5142962,818771705.6998978,880572704.1183994
Google cumulative through Q2 2025,Q2 2025,Google,2024-01-01,2025-06-30,52764.96238128875,56459.59940078361,60097.7543558637,807754838.4341573,989496257.3561465,1192314427.6850517,84130.96580680182,89762.19148432293,95317.68419365342,797986023.9936237,1075988863.7382545,1398151881.5638897,1836979996.852425,2027995012.0521376,2229682520.794654,973230487.3680041,1041390009.6812968,1111469929.7487068
Google cumulative through Q3 2025,Q3 2025,Google,2024-01-01,2025-09-30,65348.41117611495,69657.33528687114,73959.42955921222,1004236976.1279825,1230677941.191498,1480158255.5710452,104920.12215682984,111480.1648225648,118024.40583847447,995594968.489413,1337185130.1202097,1732408977.6848426,2560484342.6880937,2791118327.459104,3038697552.66013,1223647978.4133697,1303253859.736722,1382367793.654953
Google cumulative through Q4 2025,Q4 2025,Google,2024-01-01,2025-12-31,75324.1541045009,80035.59411603991,84838.7374870276,1160979408.4937449,1428817799.3402917,1717517769.7687035,124432.04723590345,131804.90801973065,139298.92103588674,1179850487.282462,1581457963.6118968,2044458498.3487267,3506176267.93683,3810552628.0927715,4142052851.515292,1445645025.9962502,1533766270.2453861,1623140568.6593044
Google cumulative through Q1 2026,Q1 2026,Google,2024-01-01,2026-03-31,77407.98607676208,82249.42027439392,87229.40892851411,1193171726.3222988,1472145903.0757427,1771187361.3642068,130518.2963096987,138380.69272246928,146386.71259277652,1237069435.6447554,1660516359.5179005,2149027876.9190416,3827946745.4808145,4175055595.2970724,4554742452.019526,1637668369.1453614,1732232625.0335898,1827954890.590936
Amazon cumulative through Q1 2024,Q1 2024,Amazon,2024-01-01,2024-03-31,529.1988458705356,701.8163398944358,929.439250694157,8467181.53392857,12281785.948152628,17659345.76318898,3051.8273616979686,4090.5378232069575,5377.157557993929,28211946.818472695,48838728.561504975,79274173.29284078,76381394.12100285,99369566.04936984,128107200.69191933,26981852.74400362,43079848.89111914,65652461.22150044
Amazon cumulative through Q2 2024,Q2 2024,Amazon,2024-01-01,2024-06-30,1941.0777973405482,2381.95302838555,2826.194140970843,31057244.75744877,41684177.99674713,53697688.67844602,7815.592786320782,9680.736122149527,11853.822733879564,72902322.91720623,116093794.06014113,173950377.32960054,211191047.55702332,256089966.8468025,309319721.95024073,69979407.49665113,95367311.23676342,125700125.7282624
Amazon cumulative through Q3 2024,Q3 2024,Amazon,2024-01-01,2024-09-30,5445.160009878744,6487.9155332312785,7535.980959055964,87122560.15805991,113538521.83154738,143183638.22206333,16260.136609101592,19026.095046540526,22027.221707731962,151847196.9469027,227965696.4379503,324762760.0941992,477600591.0823572,559752799.6109192,650187698.91976,132616298.72898029,164707284.38490456,201920910.11494368
Amazon cumulative through Q4 2024,Q4 2024,Amazon,2024-01-01,2024-12-31,10246.247513556877,11607.6622948125,12986.091084012265,163939960.21691003,203134090.15921876,246735730.59623304,25056.419797640847,28429.278231705637,32002.127596134662,236678205.74469054,340771649.1287015,469207872.81164455,791160918.5609832,905287522.6958605,1035686764.4087172,239023833.60693824,281214449.4220307,326267781.0901407
Amazon cumulative through Q1 2025,Q1 2025,Amazon,2024-01-01,2025-03-31,16063.29896987547,17542.482149894742,19016.615609012504,257012783.51800752,306993437.623158,361315696.57123756,34596.57536620899,38102.3856939324,41815.85113843157,331404666.80774224,456941092.7700554,606685246.5243373,1146540557.0209079,1281505614.78525,1441630620.4463162,323421526.3238755,366737861.36318934,412964325.2468163
Amazon cumulative through Q2 2025,Q2 2025,Amazon,2024-01-01,2025-06-30,22819.150940739422,24432.87665357151,26050.86727023305,365106415.05183077,427575341.43750143,494966478.13442796,45708.65185272804,49339.69493462515,53181.47172237353,441622775.5744691,591797715.0457395,767470289.2284776,1556595450.171833,1718114657.5501418,1918407202.7274222,422441987.4694509,466494356.5179334,513166743.18926966
Amazon cumulative through Q3 2025,Q3 2025,Amazon,2024-01-01,2025-09-30,30611.01518906677,32432.580496339608,34236.72132433785,489776243.0250683,567570158.6859431,650497705.1624192,58514.3231333376,62395.352814838014,66462.66882234377,568849886.2478961,748384218.6238395,954121703.8235611,2031943444.2321253,2225459466.156111,2472097120.4428644,537427893.2770324,582438154.7822735,630563453.656107
Amazon cumulative through Q4 2025,Q4 2025,Amazon,2024-01-01,2025-12-31,39322.53253559725,41689.00165339595,44123.960239648775,629160520.569556,729557528.9344292,838355244.5533267,73012.02468338046,77536.63668078501,82280.62652717058,712209276.5857565,929779813.8180343,1178417641.8891203,2566381893.7873673,2814190506.4370456,3128545076.174059,670197991.3648165,716982767.3456788,768133864.9967749
Amazon cumulative through Q1 2026,Q1 2026,Amazon,2024-01-01,2026-03-31,41227.5509801831,43902.81939315555,46647.29555983709,659640815.6829296,768299339.3802221,886298615.6369047,77701.20409377378,82816.60826976517,88123.93426259208,758226402.0433865,993103120.6296244,1262361982.1744442,2744326074.718957,3020376444.0163493,3365467187.1939144,816055717.8929963,873429716.0737894,932914795.2959893
Other cumulative through Q1 2024,Q1 2024,Other,2024-01-01,2024-03-31,439773.5830508959,439773.5830508959,439773.5830508959,8245754682.204298,8245754682.204298,8245754682.204298,7531.082451771064,7531.082451771064,7531.082451771064,90372989.42125277,90372989.42125277,90372989.42125277,819969866.8844576,819969866.8844576,819969866.8844576,0.0,0.0,0.0
Other cumulative through Q2 2024,Q2 2024,Other,2024-01-01,2024-06-30,972604.8802205739,972604.8802205739,972604.8802205739,18236341504.13576,18236341504.13576,18236341504.13576,19415.0290396867,19415.0290396867,19415.0290396867,232980348.4762404,232980348.4762404,232980348.4762404,2009335328.7401695,2009335328.7401695,2009335328.7401695,0.0,0.0,0.0
Other cumulative through Q3 2024,Q3 2024,Other,2024-01-01,2024-09-30,1552033.6681970363,1552033.6681970363,1552033.6681970363,29100631278.694435,29100631278.694435,29100631278.694435,32766.81626981509,32766.81626981509,32766.81626981509,393201795.2377811,393201795.2377811,393201795.2377811,3584173922.048116,3584173922.048116,3584173922.048116,0.0,0.0,0.0
Other cumulative through Q4 2024,Q4 2024,Other,2024-01-01,2024-12-31,2318299.3039975744,2318299.3039975744,2318299.3039975744,43468111949.95452,43468111949.95452,43468111949.95452,35574.55791285376,35574.55791285376,35574.55791285376,426894694.9542451,426894694.9542451,426894694.9542451,6234477705.3729,6234477705.3729,6234477705.3729,0.0,0.0,0.0
Other cumulative through Q1 2025,Q1 2025,Other,2024-01-01,2025-03-31,2999686.52372575,2999686.52372575,2999686.52372575,56244122319.85781,56244122319.85781,56244122319.85781,37326.978316811605,37326.978316811605,37326.978316811605,447923739.8017393,447923739.8017393,447923739.8017393,7178388277.239868,7178388277.239868,7178388277.239868,0.0,0.0,0.0
Other cumulative through Q2 2025,Q2 2025,Other,2024-01-01,2025-06-30,3841272.6506090746,3841272.6506090746,3841272.6506090746,72023862198.92015,72023862198.92015,72023862198.92015,62248.00980765766,62248.00980765766,62248.00980765766,746976117.6918919,746976117.6918919,746976117.6918919,8755400701.265102,8755400701.265102,8755400701.265102,0.0,0.0,0.0
Other cumulative through Q3 2025,Q3 2025,Other,2024-01-01,2025-09-30,4789130.6384418765,4789130.6384418765,4789130.6384418765,89796199470.78519,89796199470.78519,89796199470.78519,87017.9241690172,87017.9241690172,87017.9241690172,1044215090.0282066,1044215090.0282066,1044215090.0282066,9505922326.205982,9505922326.205982,9505922326.205982,0.0,0.0,0.0
Other cumulative through Q4 2025,Q4 2025,Other,2024-01-01,2025-12-31,5747356.383898657,5747356.383898657,5747356.383898657,107762932198.09982,107762932198.09982,107762932198.09982,118140.25617534123,118140.25617534123,118140.25617534123,1417683074.104095,1417683074.104095,1417683074.104095,9902212198.107601,9902212198.107601,9902212198.107601,0.0,0.0,0.0
