Name,Cumulative through,Designer,Chip type,Series start date,End date,Logic wafers (5th percentile),Logic wafers (median),Logic wafers (95th percentile),Logic cost (USD) (5th percentile),Logic cost (USD) (median),Logic cost (USD) (95th percentile),CoWoS wafers (5th percentile),CoWoS wafers (median),CoWoS wafers (95th percentile),CoWoS cost (USD) (5th percentile),CoWoS cost (USD) (median),CoWoS cost (USD) (95th percentile),HBM cost (USD) (5th percentile),HBM cost (USD) (median),HBM cost (USD) (95th percentile),Auxiliary cost (USD) (5th percentile),Auxiliary cost (USD) (median),Auxiliary cost (USD) (95th percentile)
AMD MI300A cumulative through Q1 2024,Q1 2024,AMD,MI300A,2024-01-01,2024-03-31,77.50150274534954,127.9768771191448,181.5739528751339,1240024.0439255927,2239595.349585034,3449905.104627544,365.32810103839626,586.7965775604675,819.5234604069066,3653281.0103839627,7041558.930725611,11473328.445696691,10521836.9040397,16883333.283930294,23639012.22071491,658171.4312531126,1270046.9674006496,1924408.4676187553
AMD MI300A cumulative through Q2 2024,Q2 2024,AMD,MI300A,2024-01-01,2024-06-30,534.912209125439,641.6122561971517,749.9772032077561,8558595.346007023,11228214.483450156,14249566.860947367,2412.7296611346237,2901.2687028050977,3400.4259642710135,24127296.611346237,34815224.43366117,47605963.49979419,69083394.85346566,83570447.88805749,98471832.50937793,3282304.0653201723,5001216.708156668,6814239.411717794
AMD MI300A cumulative through Q3 2024,Q3 2024,AMD,MI300A,2024-01-01,2024-09-30,1202.0594489376858,1358.324470369728,1515.579540577058,19232951.183002975,23770678.231470242,28796011.2709641,5658.287477674666,6411.470783116756,7154.648644320284,56582874.77674666,76937649.39740108,100165081.02048397,161515561.03868032,184448009.8930598,207898692.65070832,17232853.24313115,20415334.732989468,23596212.415346123
AMD MI300A cumulative through Q4 2024,Q4 2024,AMD,MI300A,2024-01-01,2024-12-31,1405.3703563321146,1581.1469972187342,1758.459037438641,22485925.701313835,27670072.45132785,33410721.71133418,6989.61311447173,7861.605427679973,8746.11457979078,69896131.1447173,94339265.13215968,122445604.11707091,199407892.20284632,226458375.59674063,254168721.29136914,34518002.615168974,38812238.33174072,43147485.74627144
AMD MI300A cumulative through Q1 2025,Q1 2025,AMD,MI300A,2024-01-01,2025-03-31,1419.5226416946223,1596.4356709177819,1775.2270934437697,22712362.267113958,27937624.24106118,33729314.775431626,7088.702522636873,7974.091721692931,8863.718921956091,70887025.22636873,95689100.66031517,124092064.90738527,202371379.41035825,229694330.37956372,257429079.24325615,36097222.84271744,40483276.314734444,44874052.73014244
AMD MI300X cumulative through Q1 2024,Q1 2024,AMD,MI300X,2024-01-01,2024-03-31,1152.5534854888292,1342.9301048707912,1554.437992296239,18440855.767821267,23501276.835238844,29534321.85362854,5060.380495583163,5854.90647067513,6725.946558929505,50603804.95583163,70258877.64810155,94163251.82501307,173680340.28289914,202197329.07767838,234584833.7655835,12656063.469401818,15917907.755952433,19609709.956438653
AMD MI300X cumulative through Q2 2024,Q2 2024,AMD,MI300X,2024-01-01,2024-06-30,2776.2908952001985,3099.042948315927,3442.4943020604,44420654.323203176,54233251.59552872,65407391.7391476,12471.046469799428,13913.121674001177,15452.136670854086,124710464.69799429,166957460.08801413,216329913.39195722,426802644.05190474,480526322.54608846,539616055.5665455,46267162.2167205,52911048.08762659,60182918.95895855
AMD MI300X cumulative through Q3 2024,Q3 2024,AMD,MI300X,2024-01-01,2024-09-30,4775.168831818965,5215.646309554763,5670.622167971097,76402701.30910344,91273810.41720836,107741821.19145085,21619.647638463644,23602.390833521706,25663.261927312025,216196476.38463643,283228690.00226045,359285666.98236835,738391272.6228284,814960770.0031126,898289931.781939,86977114.87043627,96175736.39528632,106015627.99094605
AMD MI300X cumulative through Q4 2024,Q4 2024,AMD,MI300X,2024-01-01,2024-12-31,6442.3434099713695,6989.149771987852,7559.2725097392695,103077494.55954191,122310121.00978741,143626177.6850461,29642.130668895017,32146.019613796074,34750.00712788092,296421306.6889502,385752235.3655529,486500099.79033285,1011117579.6881379,1110307289.0288448,1216992520.006122,137158502.79758734,148824149.46128786,161160057.55982918
AMD MI300X cumulative through Q1 2025,Q1 2025,AMD,MI300X,2024-01-01,2025-03-31,7449.330819491876,8058.17563119716,8693.040099435575,119189293.11187002,141018073.5459503,165167761.88927594,34665.37555766077,37492.85688657049,40446.78473053753,346653755.5766077,449914282.63884586,566254986.2275255,1183027401.982167,1295620812.3079286,1416570268.9021556,173828411.01142466,188052694.3007517,202492944.11406094
AMD MI300X cumulative through Q2 2025,Q2 2025,AMD,MI300X,2024-01-01,2025-06-30,8288.619380684226,8949.968061491232,9624.698025705462,132617910.09094761,156624441.07609656,182869262.48840377,38601.11903404236,41656.20480221323,44796.20938315892,386011190.34042364,499874457.6265588,627146931.3642249,1317456092.5379193,1439700546.5783029,1568366310.2081575,194402228.8134475,209388142.18511084,225078953.747482
AMD MI300X cumulative through Q3 2025,Q3 2025,AMD,MI300X,2024-01-01,2025-09-30,8644.977388734213,9327.177473652135,10027.558222450049,138319638.2197474,163225605.78891236,190523606.22655094,40550.53353113643,43743.04405992434,46995.48391413992,405505335.31136435,524916528.7190921,657936774.7979589,1383399310.774181,1511016974.2005482,1646209287.4530594,214097643.73985845,230541859.95994312,247172229.10039037
AMD MI300X cumulative through Q4 2025,Q4 2025,AMD,MI300X,2024-01-01,2025-12-31,8809.719789334276,9500.487025625574,10199.952708388457,140955516.62934843,166258522.94844756,193799101.4593807,41366.44526268403,44582.47449289438,47849.90009449078,413664452.6268403,534989693.9147325,669898601.322871,1410915618.2842898,1540047406.3443868,1676292238.9801285,219500668.774077,235909394.6188471,252680647.99852693
AMD MI300X cumulative through Q1 2026,Q1 2026,AMD,MI300X,2024-01-01,2026-03-31,8842.217952664152,9537.04039732994,10240.61860415794,141475487.24262643,166898206.95327395,194571753.47900087,41576.36446947804,44824.86122854718,48120.258203987425,415763644.69478035,537898334.7425662,673683614.855824,1418385721.6423225,1548406264.6259394,1685724188.6869526,223005402.6656857,239622578.55427715,256508722.74809793
AMD MI308X cumulative through Q3 2024,Q3 2024,AMD,MI308X,2024-01-01,2024-09-30,260.265842490318,577.4072253203753,999.537331232374,4164253.479845088,10104626.44310657,18991209.293415107,1052.6307407386194,2335.2914446290733,4042.5732063176,10526307.407386193,28023497.33554888,56596024.8884464,36335780.38730763,80697531.50533392,139738216.99523178,0.0,0.0,0.0
AMD MI308X cumulative through Q4 2024,Q4 2024,AMD,MI308X,2024-01-01,2024-12-31,1281.5567299621066,1560.802408282968,1931.3497929332977,20504907.679393705,27314042.14495194,36695646.06573266,5402.053962957838,6779.1640441307445,8613.026466915971,54020539.62957838,81349968.52956894,120582370.5368236,185893362.65647805,234482333.38954765,298182950.2605065,8062254.177863511,17895495.871253237,31001698.701745905
AMD MI308X cumulative through Q1 2025,Q1 2025,AMD,MI308X,2024-01-01,2025-03-31,2621.7316818634954,2794.2175842766355,2973.0953157189683,41947706.90981593,48898807.724841125,56488810.9986604,11607.272532628605,12435.031911942257,13296.956914861357,116072725.32628605,149220382.94330707,186157396.808059,396112694.3802244,429532885.92595494,465205539.69528294,37205008.366866745,43028900.061581165,50601778.96123434
AMD MI308X cumulative through Q2 2025,Q2 2025,AMD,MI308X,2024-01-01,2025-06-30,2908.871151545898,3088.2035753505643,3271.9812103800737,46541938.42473437,54043562.568634875,62167642.9972214,13574.732040547524,14411.6166849693,15269.245648440341,135747320.40547523,172939400.2196316,213769439.0781648,462200811.0900445,497832226.7767618,536513904.024041,69615707.19547312,73665600.66776218,77847535.80802776
AMD MI325X cumulative through Q4 2024,Q4 2024,AMD,MI325X,2024-01-01,2024-12-31,355.76222998877967,500.8441487951524,678.2684914349772,5692195.679820474,8764772.603915168,12887101.337264568,1438.8605746212868,2025.6363351270606,2743.219232025908,14388605.746212868,24307636.021524727,38405069.24836271,68193866.1016269,97291847.08713838,133170432.16507897,0.0,0.0,0.0
AMD MI325X cumulative through Q1 2025,Q1 2025,AMD,MI325X,2024-01-01,2025-03-31,837.4345178083985,1072.8299742273175,1330.9264318771202,13398952.284934375,18774524.548978057,25287602.205665283,3694.9969975558047,4747.165197016668,5912.30690858592,36949969.97555805,56965982.36420001,82772296.72020288,175085605.53527027,227503747.30266017,289678058.84099793,13478679.696134442,18992873.14592631,25666680.346105948
AMD MI325X cumulative through Q2 2025,Q2 2025,AMD,MI325X,2024-01-01,2025-06-30,1306.5228955422144,1608.7637458108375,1933.8481288143494,20904366.32867543,28153365.551689655,36743114.44747264,5894.495582761645,7254.440370400871,8723.607515329957,58944955.82761645,87053284.44481045,122130505.2146194,278620927.7209961,347560689.7417775,428464864.6058198,27410177.80813326,34919027.4730217,43114018.404535644
AMD MI325X cumulative through Q3 2025,Q3 2025,AMD,MI325X,2024-01-01,2025-09-30,1751.5235437356607,2128.9370653541346,2541.442178487649,28024376.69977057,37256398.64369736,48287401.39126533,7966.723358852907,9682.830080316937,11570.943002877295,79667233.58852907,116193960.96380325,161993202.04028213,376525682.52565914,464724117.8511442,568201425.4061149,40999845.987001784,50448558.75485939,60656092.86549864
AMD MI325X cumulative through Q4 2025,Q4 2025,AMD,MI325X,2024-01-01,2025-12-31,2298.4562957665557,2792.851658017167,3367.8555434666123,36775300.73226489,48874904.01530042,63989255.325865634,10456.171304087935,12692.390683367998,15274.362776747292,104561713.04087935,152308688.20041597,213841078.8744621,500493179.4310625,619941568.899612,761924583.7130573,53935736.50429553,65521868.58355881,78422314.20029907
AMD MI325X cumulative through Q1 2026,Q1 2026,AMD,MI325X,2024-01-01,2026-03-31,2425.257279650992,2954.6207197786316,3584.1678302461364,38804116.474415876,51705862.59612605,68099188.77467659,11317.867305037962,13788.230025633613,16726.116541148636,113178673.05037962,165458760.30760336,234165631.57608092,559604468.7225788,697340295.1651337,864363270.0950246,70792072.11036047,86064894.10657525,104329249.54047136
AMD MI350X cumulative through Q1 2025,Q1 2025,AMD,MI350X,2024-01-01,2025-03-31,41.05271227201165,68.13428226402007,98.57683595788258,697896.108624198,1362685.6452804015,2168690.391073417,153.4345121166435,254.65187996177494,368.4309243925861,1534345.121166435,3055822.5595412995,5158032.9414962055,8248367.809754854,13763491.2342131,20142802.920639064,0.0,0.0,0.0
AMD MI350X cumulative through Q2 2025,Q2 2025,AMD,MI350X,2024-01-01,2025-06-30,679.2201919051797,816.8623350002988,974.3217172689957,11546743.262388054,16337246.700005976,21435077.779917907,2585.8004670227215,3104.368080987514,3697.581951912236,25858004.670227215,37252416.97185017,51766147.326771304,137015805.4684989,167595985.22831395,204097005.53428274,1521463.7811774926,2516484.1059407806,3635243.831108129
AMD MI350X cumulative through Q3 2025,Q3 2025,AMD,MI350X,2024-01-01,2025-09-30,1586.04695483248,1864.904090020928,2192.8896618496406,26962798.23215216,37298081.800418556,48243572.560692094,6439.895410694622,7564.668599579587,8892.278686472582,64398954.10694622,90776023.19495504,124491901.61061615,341276774.8189983,408192298.6202471,491030868.18180865,24443081.196125064,29467364.263333663,35152870.27561826
AMD MI350X cumulative through Q4 2025,Q4 2025,AMD,MI350X,2024-01-01,2025-12-31,2365.2673837837165,2808.5040304727763,3359.8612224626963,40209545.52432318,56170080.609455526,73916946.89417931,9885.3817737164,11707.322500862814,13979.328300004872,98853817.737164,140487870.01035377,195710596.2000682,534377734.3997615,647465153.7315125,788070267.7556615,50987428.157531455,60140383.43886188,70983225.59274511
AMD MI350X cumulative through Q1 2026,Q1 2026,AMD,MI350X,2024-01-01,2026-03-31,2531.803072325971,3019.5955707577787,3626.6288529184867,43040652.2295415,60391911.415155575,79785834.76420671,10918.400749405746,13022.005898892916,15639.836928210974,109184007.49405746,156264070.786715,218957716.99495363,609868683.082118,751029541.5751936,926642241.5415154,72014077.6205324,85925620.54423401,103113420.55850664
AMD MI355X cumulative through Q2 2025,Q2 2025,AMD,MI355X,2024-01-01,2025-06-30,282.3863129682996,408.3355539960854,579.7016488242267,4800567.320461093,8166711.079921708,12753436.274132987,1055.4188447190193,1526.1541330603688,2166.6349124805474,10554188.447190193,18313849.596724425,30332888.774727665,56583023.82282178,82398744.2558814,118689011.40156195,0.0,0.0,0.0
AMD MI355X cumulative through Q3 2025,Q3 2025,AMD,MI355X,2024-01-01,2025-09-30,1205.2879640496312,1551.2451816612615,1967.7929188811613,20489895.38884373,31024903.633225232,43291444.21538555,4732.236467585321,6102.66958345103,7775.5195407112205,47322364.675853215,73232035.00141236,108857273.56995709,253208925.56999952,328560607.3164656,428347860.362896,13943153.645927414,20142426.35410982,28575630.91007112
AMD MI355X cumulative through Q4 2025,Q4 2025,AMD,MI355X,2024-01-01,2025-12-31,2552.679519398636,3205.025555933109,3970.291372322792,43395551.82977681,64100511.11866218,87346410.19110143,10380.349101670006,13060.931767768929,16169.092446662042,103803491.01670006,156731181.21322715,226367294.2532686,568574760.7542685,724663189.8235359,921815439.2441853,54825585.173482455,70453132.18826872,89039036.92193303
AMD MI355X cumulative through Q1 2026,Q1 2026,AMD,MI355X,2024-01-01,2026-03-31,2881.01789002715,3611.0150735179745,4469.154091689202,48977304.13046155,72220301.47035949,98321390.01716244,12424.389650742081,15572.502504546264,19273.227020409682,124243896.50742081,186870030.05455518,269825178.28573555,707759540.0005627,912007441.6871433,1163425692.2041168,109339081.64776012,136973311.39621282,169681449.6546317
Amazon Trainium1 cumulative through Q1 2024,Q1 2024,Amazon,Trainium1,2024-01-01,2024-03-31,0.0,0.0,0.0,0.0,0.0,0.0,1990.1025710195483,2980.7801011800557,4241.123769972441,19901025.71019548,35769361.214160666,59375732.779614165,36620131.149789624,55710707.306768,81617937.22343083,21163907.346031092,37006935.926456764,59670348.343984306
Amazon Trainium1 cumulative through Q2 2024,Q2 2024,Amazon,Trainium1,2024-01-01,2024-06-30,0.0,0.0,0.0,0.0,0.0,0.0,4275.657398048019,5995.599126636405,8063.598681003804,42756573.98048019,71947189.51963687,112890381.53405325,78364065.63054636,112162983.53485185,156073505.018812,50927080.77338062,75905599.02573895,105851079.49713106
Amazon Trainium1 cumulative through Q3 2024,Q3 2024,Amazon,Trainium1,2024-01-01,2024-09-30,0.0,0.0,0.0,0.0,0.0,0.0,6747.522861995522,8996.346400377519,11628.972023743007,67475228.61995523,107956156.80453023,162805608.33240208,122323128.16719003,168366161.4778606,225514054.94808418,83270397.45472443,114044905.4375337,150025462.04667172
Amazon Trainium1 cumulative through Q4 2024,Q4 2024,Amazon,Trainium1,2024-01-01,2024-12-31,0.0,0.0,0.0,0.0,0.0,0.0,7496.492072515884,10006.154290606584,12863.568059465551,74964920.72515884,120073851.48727901,180089952.8325177,136219463.05424622,187069697.62637877,249880632.6590392,116005275.02874976,152249095.32120413,192891257.76040673
Amazon Trainium2 cumulative through Q1 2024,Q1 2024,Amazon,Trainium2,2024-01-01,2024-03-31,529.1988458705356,701.8163398944358,929.439250694157,8467181.53392857,12281785.948152628,17659345.76318898,831.0921108277212,1089.113945612026,1421.3171795161868,8310921.108277212,13069367.347344313,19898440.513226613,31999744.91844416,42591091.95897168,56411954.941863656,3289153.1845912472,6008720.108359376,8774880.948795868
Amazon Trainium2 cumulative through Q2 2024,Q2 2024,Amazon,Trainium2,2024-01-01,2024-06-30,1941.0777973405482,2381.95302838555,2826.194140970843,31057244.75744877,41684177.99674713,53697688.67844602,3014.574893672605,3678.8837117086887,4361.428271110522,30145748.93672605,44146604.54050426,61059995.7955473,115746837.90386935,143317062.0449674,174483346.20248064,14621033.900582261,19174997.45260539,24453371.916608237
Amazon Trainium2 cumulative through Q3 2024,Q3 2024,Amazon,Trainium2,2024-01-01,2024-09-30,5445.160009878744,6487.9155332312785,7535.980959055964,87122560.15805991,113538521.83154738,143183638.22206333,8437.196832694748,10000.794969451672,11568.367982985505,84371968.32694748,120009539.63342007,161957151.76179707,322964001.3978909,389724692.7017759,463686564.9281818,41567640.157952875,50715908.157552436,59640909.54760567
Amazon Trainium2 cumulative through Q4 2024,Q4 2024,Amazon,Trainium2,2024-01-01,2024-12-31,10246.247513556877,11607.6622948125,12986.091084012265,163939960.21691003,203134090.15921876,246735730.59623304,16171.328501953169,18391.48313678521,20651.27999850906,161713285.0195317,220697797.6414225,289117919.9791269,616567753.9572692,716746490.0659239,832663125.5383664,107481036.61236505,128143699.54520819,149393159.12703788
Amazon Trainium2 cumulative through Q1 2025,Q1 2025,Amazon,Trainium2,2024-01-01,2025-03-31,16063.29896987547,17542.482149894742,19016.615609012504,257012783.51800752,306993437.623158,361315696.57123756,25643.97460825834,28072.270106898035,30471.09240655854,256439746.0825834,336867241.2827764,426595293.69181955,970346259.3996924,1091492889.1273472,1241776673.237061,190594052.27746764,213507781.8750849,236371265.75454938
Amazon Trainium2 cumulative through Q2 2025,Q2 2025,Amazon,Trainium2,2024-01-01,2025-06-30,22819.150940739422,24432.87665357151,26050.86727023305,365106415.05183077,427575341.43750143,494966478.13442796,36665.785484931024,39310.32196320504,41955.738313997135,366657854.8493102,471723863.5584605,587380336.3959599,1379661213.2787037,1526745712.4474673,1720445540.3002305,289018505.2351957,313585494.5071613,337912299.1443229
Amazon Trainium2 cumulative through Q3 2025,Q3 2025,Amazon,Trainium2,2024-01-01,2025-09-30,30611.01518906677,32432.580496339608,34236.72132433785,489776243.0250683,567570158.6859431,650497705.1624192,49388.49655227372,52359.19726138004,55287.98221364595,493884965.5227372,628310367.1365604,774031750.9910433,1850896813.439514,2034685017.0911384,2278618690.645458,402682079.4687987,429561316.1240114,456648773.7479567
Amazon Trainium2 cumulative through Q4 2025,Q4 2025,Amazon,Trainium2,2024-01-01,2025-12-31,39322.53253559725,41689.00165339595,44123.960239648775,629160520.569556,729557528.9344292,838355244.5533267,63724.43558605977,67475.49686089627,71309.12064690019,637244355.8605977,809705962.3307552,998327689.0566027,2385499349.560943,2623136080.406467,2935167599.7999387,534060790.6547006,564094544.0631113,594483612.9703938
Amazon Trainium2 cumulative through Q1 2026,Q1 2026,Amazon,Trainium2,2024-01-01,2026-03-31,41227.5509801831,43902.81939315555,46647.29555983709,659640815.6829296,768299339.3802221,886298615.6369047,68326.14813182276,72752.43909519544,77305.14495299476,683261481.3182276,873029269.1423453,1082272029.3419266,2563094623.4028,2831333781.5913105,3175967908.9820704,677097136.8074188,720130694.7421466,763978013.9006
Google TPU v5e cumulative through Q1 2024,Q1 2024,Google,TPU v5e,2024-01-01,2024-03-31,2375.1669237390724,2885.2831983767715,3461.3573054853086,38002670.77982516,50492455.9715935,65765788.80422086,5757.239532921436,6860.111875434877,8082.719590113257,57572395.32921436,82321342.50521852,113158074.26158561,65617781.00673182,82162803.5528523,101532848.53868221,85788935.18789896,105658522.91436219,127158525.7800367
Google TPU v5e cumulative through Q2 2024,Q2 2024,Google,TPU v5e,2024-01-01,2024-06-30,4749.311104023371,5627.941555253445,6574.447354005813,75988977.66437393,98488977.21693528,124914499.72611046,11349.558162622676,13328.192154048396,15469.456010871656,113495581.62622675,159938305.84858075,216572384.15220317,128876529.98065566,159567305.24298072,195025365.08318943,172449400.9533386,201939921.09490278,233618778.1122536
Google TPU v5e cumulative through Q3 2024,Q3 2024,Google,TPU v5e,2024-01-01,2024-09-30,6893.909880342273,8014.309666015761,9209.657324410866,110302558.08547637,140250419.15527582,174983489.16380644,16459.22724557226,19047.28683057589,21823.811077030205,164592272.4557226,228567441.96691066,305533355.07842284,186409752.806863,227951506.68830395,275010108.34845924,255342533.1800667,294091853.47927976,335767974.9053717
Google TPU v5e cumulative through Q4 2024,Q4 2024,Google,TPU v5e,2024-01-01,2024-12-31,7907.8348127912195,9090.994545286538,10373.538611853599,126525357.00465952,159092404.5425144,197097233.6252184,19155.49804560705,21958.186164925894,24996.263537793428,191554980.4560705,263498233.97911072,349947689.529108,216327745.17039064,263130218.3730277,315830354.38958853,327312031.49790597,371508271.73155993,419103808.6423751
Google TPU v5e cumulative through Q1 2025,Q1 2025,Google,TPU v5e,2024-01-01,2025-03-31,8058.383532881007,9256.349540419405,10543.201547444316,128934136.52609612,161986116.95733958,200320829.401442,19694.868788984084,22521.906883310763,25567.608529760902,196948687.88984084,270262882.5997292,357946519.4166526,222476885.1958657,269884746.6433102,323427656.2387289,351377815.4530253,396162199.7338562,444213403.28846556
Google TPU v5p cumulative through Q1 2024,Q1 2024,Google,TPU v5p,2024-01-01,2024-03-31,1782.05118875226,2210.562847997924,2670.0599219178716,28512819.02003616,38684849.839963675,50731138.516439565,2988.0446731839415,3647.8053396844425,4342.134787533507,29880446.731839415,43773664.07621331,60789887.025469095,122107267.29792665,155402079.81912097,194026655.65895313,23461974.59602409,29472201.255196743,35770355.636847936
Google TPU v5p cumulative through Q2 2024,Q2 2024,Google,TPU v5p,2024-01-01,2024-06-30,4106.200116534353,4882.768161797072,5706.993345209311,65699201.864549644,85448442.83144876,108432873.5589769,6950.747896722794,8233.841312541848,9557.31941608902,69507478.96722795,98806095.75050218,133802471.82524627,280737666.5683542,350560799.02706754,429148061.95346534,67689222.68417145,80734943.7858237,94085617.87915823
Google TPU v5p cumulative through Q3 2024,Q3 2024,Google,TPU v5p,2024-01-01,2024-09-30,6263.51225439373,7274.018094773406,8345.566885460174,100216196.07029967,127295316.6585346,158565770.82374328,10739.398254804255,12460.159681358373,14254.226352009962,107393982.54804255,149521916.17630047,199559168.92813948,432824038.5959005,531486804.0461023,642466846.9216833,117902817.438391,138008103.0350341,158509446.53059506
Google TPU v5p cumulative through Q4 2024,Q4 2024,Google,TPU v5p,2024-01-01,2024-12-31,7866.077782773542,9053.935451743135,10271.188488538563,125857244.52437668,158443870.40550485,195152581.2822327,13636.395451330116,15655.728230928977,17740.388322572555,136363954.51330116,187868738.77114773,248365436.51601577,548489406.9561547,667433137.4351532,802083794.3461378,162385250.71779743,185915925.06302923,209960977.36416408
Google TPU v5p cumulative through Q1 2025,Q1 2025,Google,TPU v5p,2024-01-01,2025-03-31,8571.633859490228,9834.518262483032,11111.884120478837,137146141.75184366,172104069.59345305,211125798.2890979,15021.305026171465,17205.2845075797,19413.201858269094,150213050.26171464,206463414.09095642,271784826.01576734,602925081.8641322,732780510.6508449,879048767.9421628,193101073.44889927,219633599.00578624,246693823.97426587
Google TPU v5p cumulative through Q2 2025,Q2 2025,Google,TPU v5p,2024-01-01,2025-06-30,8685.485905843674,9958.38803613878,11243.127283567259,138967774.49349877,174271790.63242865,213619418.38777792,15294.465959668372,17514.770208309008,19746.247832330868,152944659.5966837,210177242.4997081,276447469.6526322,613690159.1930039,746270133.6168845,894677953.284774,203497203.2735093,230681045.4258722,257547835.6752902
Google TPU v6e cumulative through Q2 2024,Q2 2024,Google,TPU v6e,2024-01-01,2024-06-30,364.302689778873,633.0498470412347,945.1060655829583,5828843.036461968,11078372.323221607,17957015.246076208,433.9249816032798,754.0327066980037,1125.726335894368,4339249.816032798,9048392.480376044,15760168.702521153,8119849.461869589,14141366.022417687,21086207.000786684,0.0,0.0,0.0
Google TPU v6e cumulative through Q3 2024,Q3 2024,Google,TPU v6e,2024-01-01,2024-09-30,2781.29618612718,3492.9673372423067,4263.472107453715,44500738.978034884,61126928.401740365,81005970.04162058,3431.3043826655403,4315.1481781090615,5274.778665411354,34313043.8266554,51781778.13730874,73846901.31575896,63833703.39114452,80826106.30968511,99134158.49424839,7757634.971636112,13513885.575068692,20197788.88922484
Google TPU v6e cumulative through Q4 2024,Q4 2024,Google,TPU v6e,2024-01-01,2024-12-31,9029.281699939864,10449.166950942104,11966.370334100771,144468507.19903782,182860421.64148682,227361036.34791467,11424.993057016261,13227.662554937546,15158.82317443395,114249930.57016261,158731950.65925056,212223524.4420753,212822421.52740633,247808675.08780205,286075558.71152985,55991443.297239885,70451438.83596313,85890682.25299568
Google TPU v6e cumulative through Q1 2025,Q1 2025,Google,TPU v6e,2024-01-01,2025-03-31,19960.835205311952,22237.259559825914,24617.888252034263,319373363.28499126,389152042.2969535,467739876.788651,25790.297338444198,28745.865870852205,31827.258169458455,257902973.38444197,344950390.4502265,445581614.37241834,478491474.5934179,537801770.7800994,601956763.0444016,174277407.4283186,201679872.16693246,231508666.0065204
Google TPU v6e cumulative through Q2 2025,Q2 2025,Google,TPU v6e,2024-01-01,2025-06-30,33123.85638426546,36294.37375395982,39536.5642530862,529981702.1482474,635151540.6942968,751194720.8086379,43667.993637076455,47851.60192359153,52125.92700973599,436679936.37076455,574219223.0830984,729762978.1363039,808842493.4638543,895498357.2716904,988892965.2483745,371030123.6726189,414017273.7209425,458521695.06310284
Google TPU v6e cumulative through Q3 2025,Q3 2025,Google,TPU v6e,2024-01-01,2025-09-30,41781.29219368749,45617.81123938547,49545.51351133861,668500675.0989999,798311696.6892457,941364756.7154336,56437.13439687413,61586.201612942066,66857.81201463149,564371343.9687413,739034419.3553048,936009368.2048409,1044311253.847238,1152384971.4910302,1268323542.7704265,592531458.3335314,650135341.3536707,708102279.1994962
Google TPU v6e cumulative through Q4 2025,Q4 2025,Google,TPU v6e,2024-01-01,2025-12-31,45191.36149223963,49364.68501449137,53658.555556284184,723061783.8758341,863881987.7535989,1019512555.5693995,61778.92431136186,67497.4821623409,73316.49499788723,617789243.1136186,809969785.9480907,1026430929.9704212,1142761713.8177807,1262209020.3953009,1389761754.143887,711303929.9123675,778005474.5097816,845380199.6771804
Google TPU v6e cumulative through Q1 2026,Q1 2026,Google,TPU v6e,2024-01-01,2026-03-31,45673.90063642465,49936.227443989614,54297.2467186481,730782410.1827945,873883980.2698182,1031647687.6543139,62772.33523365028,68630.30233327804,74623.9083107574,627723352.3365028,823563627.9993365,1044734716.3506036,1161497460.7924347,1283330270.499003,1414232234.775341,749392377.6121299,819104654.345967,889438871.6843064
Google TPU v7 cumulative through Q2 2025,Q2 2025,Google,TPU v7,2024-01-01,2025-06-30,580.6603097832298,904.3404536040744,1235.429958508814,9871225.266314905,18086809.072081488,27179459.08719391,1141.2740136334664,1777.4596296432462,2428.2081684500613,11412740.136334665,21329515.555718955,33994914.35830086,71408281.43931313,112187404.98447631,155089439.63222814,0.0,0.0,0.0
Google TPU v7 cumulative through Q3 2025,Q3 2025,Google,TPU v7,2024-01-01,2025-09-30,3990.2582358463346,4805.416845624204,5675.147775745076,67834390.00938769,96108336.91248408,124853251.06639166,8133.027703414713,9809.215472122309,11571.830029336932,81330277.03414713,117710585.66546771,162005620.41071704,502079585.25149274,617364338.7008913,746146132.0583259,16465852.178159073,25690344.843203798,34900005.328253664
Google TPU v7 cumulative through Q4 2025,Q4 2025,Google,TPU v7,2024-01-01,2025-12-31,10000.924329312691,11433.895199846229,12912.043927731087,170015713.59831575,228677903.99692458,284064966.4100839,21216.789668231864,24254.004380364073,27402.398522072905,212167896.68231863,291048052.5643689,383633579.30902064,1305475133.2680218,1525595608.1104856,1779521967.5796666,106984574.60742874,128654914.927,152090630.51631802
Google TPU v7 cumulative through Q1 2026,Q1 2026,Google,TPU v7,2024-01-01,2026-03-31,11440.435595288789,13100.20076080781,14799.973905485136,194487405.1199094,262004015.21615618,325599425.920673,25945.27358217279,29709.383868260556,33564.22653565379,259452735.8217279,356512606.4191267,469899171.4991531,1594573098.776831,1868857417.6675913,2178476510.3088803,249720504.71548554,285713072.7296607,322613638.4452841
NVIDIA B200 cumulative through Q3 2024,Q3 2024,NVIDIA,B200,2024-01-01,2024-09-30,7757.914110529635,8684.889629114947,9699.498482147923,124126625.76847416,151985568.50951156,184290471.16081053,8446.428987839137,9455.673583698896,10560.328972438547,109803576.84190878,160746450.92288122,211206579.44877094,395550347.75641304,453492580.9736544,523715354.54062295,0.0,0.0,0.0
NVIDIA B200 cumulative through Q4 2024,Q4 2024,NVIDIA,B200,2024-01-01,2024-12-31,30998.622523611055,33843.78032780146,36706.271715364295,495977960.37777686,592266155.7365255,697419162.5919216,35546.5807776128,38725.50062371367,41972.69498236417,462105550.1089664,658333510.6031324,839453899.6472834,1653973662.6906312,1854847697.7858503,2105342689.663289,108945308.90614875,121240227.43437406,134695369.3079765
NVIDIA B200 cumulative through Q1 2025,Q1 2025,NVIDIA,B200,2024-01-01,2025-03-31,55868.20616351268,59851.579877687254,64051.86190699681,893891298.616203,1047402647.859527,1216985376.2329395,67010.97795045532,71885.8735130266,76977.55625294306,871142713.3559191,1222059849.7214522,1539551125.0588613,3099392446.0121946,3443556247.32765,3881161547.662321,404284461.22267234,439502217.190876,475403764.21318465
NVIDIA B200 cumulative through Q2 2025,Q2 2025,NVIDIA,B200,2024-01-01,2025-06-30,77007.74835186901,81742.76187954302,86678.69650724607,1232123973.6299043,1430498332.8920028,1646895233.6376753,94027.75249682783,99887.92045124144,105972.63628752856,1222360782.4587617,1698094647.6711044,2119452725.750571,4333069625.285818,4780753016.197384,5365210538.317053,670424020.3822507,714755707.6496131,761721541.0458885
NVIDIA B200 cumulative through Q3 2025,Q3 2025,NVIDIA,B200,2024-01-01,2025-09-30,103255.22946927666,109247.58171607988,115286.31131015271,1652083671.5084264,1911832680.0313978,2190439914.8929014,125445.34013965716,132636.68325465388,139813.99172199794,1630789421.815543,2254823615.329116,2796279834.4399586,5860525143.724527,6431158925.064627,7177453471.981717,911667107.623279,965861035.1014698,1022198908.4889172
NVIDIA B200 cumulative through Q4 2025,Q4 2025,NVIDIA,B200,2024-01-01,2025-12-31,127185.7595494663,136691.34210204368,146564.44479749104,2034972152.7914608,2392098486.785764,2784724451.15233,154289.78684699922,164874.05825680133,175520.3136983772,2005767229.01099,2802858990.3656225,3510406273.967544,7421735117.484229,8177032978.639325,9142183271.762596,1206446087.3717394,1280120873.395427,1353414632.3209538
NVIDIA B300 cumulative through Q1 2025,Q1 2025,NVIDIA,B300,2024-01-01,2025-03-31,9034.018051476774,10306.868835264293,11689.78532850854,144544288.8236284,180370204.61712512,222105921.24166226,9675.27447006754,10982.533342985978,12377.521150359962,125778568.110878,186703066.83076164,247550423.00719923,680028283.1678802,790119424.9127102,920810184.4186354,3018285.278890313,7938731.812833011,15266316.977838406
NVIDIA B300 cumulative through Q2 2025,Q2 2025,NVIDIA,B300,2024-01-01,2025-06-30,35961.76553262832,39345.076010548975,42983.01390374573,575388248.5220531,688538830.184607,816677264.1711688,40931.38224797203,44807.46177066241,48983.60253421401,532107969.22363645,761726850.101261,979672050.6842803,2853008962.77177,3223108017.5911627,3677130444.628067,168051575.3779785,192214337.09809154,220220388.507778
NVIDIA B300 cumulative through Q3 2025,Q3 2025,NVIDIA,B300,2024-01-01,2025-09-30,84199.62476322225,90046.52974599903,96164.50887868884,1347193996.211556,1575814270.554983,1827125668.695088,97296.91029608098,103999.56025731817,111173.13145219859,1264859833.8490527,1767992524.374409,2223462629.043972,7069914173.512658,7801131699.205511,8775802558.492456,635358096.1445143,687725597.2545387,744323420.707945
NVIDIA B300 cumulative through Q4 2025,Q4 2025,NVIDIA,B300,2024-01-01,2025-12-31,155058.24528153456,165782.114895137,177296.5181834316,2480931924.504553,2901187010.6648974,3368633845.4852004,175942.70300273597,186391.57641576882,197221.34096444692,2287255139.0355678,3168656799.06807,3944426819.2889385,13244240178.009592,14522568198.67653,16201362467.755322,1296133715.5596845,1380261281.212622,1469583034.4788115
NVIDIA H100/H200 cumulative through Q1 2024,Q1 2024,NVIDIA,H100/H200,2024-01-01,2024-03-31,12937.484987828244,14195.223177937969,15581.79445263557,206999759.8052519,248416405.61391446,296054094.60007584,20740.83900698383,22601.3902960564,24619.13772441267,207408390.06983832,271216683.5526768,344667928.1417774,726360689.9265373,818162682.7721046,929513337.165034,210000074.2010116,235411325.35129237,262283352.8121704
NVIDIA H100/H200 cumulative through Q2 2024,Q2 2024,NVIDIA,H100/H200,2024-01-01,2024-06-30,29185.762334960185,31418.60470855391,33777.90028702822,466972197.35936296,549825582.3996935,641780105.4535362,46479.11084134758,49908.76304708602,53542.0631154771,464791108.4134758,598905156.5650322,749588883.6166794,1741269576.8692176,1937579245.4533477,2182941909.152524,474703607.56070656,513588676.3330372,553576660.1395879
NVIDIA H100/H200 cumulative through Q3 2024,Q3 2024,NVIDIA,H100/H200,2024-01-01,2024-09-30,44610.34816202828,47481.30712125217,50449.119074168164,713765570.5924524,830922874.621913,958533262.4091951,71758.57348674341,76299.47419822706,81021.32849478027,717585734.867434,915593690.3787248,1134298598.9269238,2904250383.0228205,3212072418.173413,3602013460.7032957,799730898.7431518,852960292.58953,906792842.5633512
NVIDIA H100/H200 cumulative through Q4 2024,Q4 2024,NVIDIA,H100/H200,2024-01-01,2024-12-31,55686.97403332496,59095.4892172008,62580.73368374276,890991584.5331993,1034171061.301014,1189033939.9911125,90496.41334787113,95923.11455513533,101431.7372004172,904964133.4787112,1151077374.661624,1420044320.805841,3916393352.1607704,4327193897.509241,4853284901.934289,1083281965.3556962,1144824893.6190362,1207026944.7987738
NVIDIA H100/H200 cumulative through Q1 2025,Q1 2025,NVIDIA,H100/H200,2024-01-01,2025-03-31,65004.708481393456,68669.18727923998,72374.91477839553,1040075335.7022953,1201710777.3866997,1375123380.789515,105731.56435135967,111587.57624473423,117588.58774691973,1057315643.5135968,1339050914.9368107,1646240228.4568763,4818595053.847469,5308874755.012391,5935915862.844029,1270646347.5244198,1341537571.819478,1412902346.886997
NVIDIA H100/H200 cumulative through Q2 2025,Q2 2025,NVIDIA,H100/H200,2024-01-01,2025-06-30,74079.18882169183,77660.81082484823,81233.41416704385,1185267021.1470692,1359064189.434844,1543434869.1738331,120369.21189955564,126194.28341527349,132018.24565953866,1203692118.9955564,1514331400.9832819,1848255439.2335413,5704808663.629644,6235285402.735346,6946504524.18208,1443302474.597867,1517415317.986221,1592225429.8496354
NVIDIA H100/H200 cumulative through Q3 2025,Q3 2025,NVIDIA,H100/H200,2024-01-01,2025-09-30,78772.00389428338,82183.7767892637,85576.80633301236,1260352062.3085341,1438216093.812115,1625959320.3272347,128905.67864011951,134425.7533194505,140017.47764772733,1289056786.401195,1613109039.8334062,1960244687.0681825,6205673560.962707,6756859373.7654,7517934692.9141655,1615100941.4646177,1685101226.7080321,1755090622.32654
NVIDIA H100/H200 cumulative through Q4 2025,Q4 2025,NVIDIA,H100/H200,2024-01-01,2025-12-31,79531.00740074452,82923.63046117523,86327.54272995988,1272496118.4119124,1451163533.0705664,1640223311.8692377,130675.07079435798,136177.03498821784,141721.6874019872,1306750707.9435797,1634124419.8586142,1984103623.627821,6308613788.469207,6866888244.018328,7642361746.076129,1679185524.4852283,1745803308.4258666,1811734711.6066878
NVIDIA H20 cumulative through Q1 2024,Q1 2024,NVIDIA,H20,2024-01-01,2024-03-31,4027.7534092083774,4704.582838412315,5455.237489157261,64444054.54733404,82330199.67221552,103649512.29398796,6317.259244788268,7289.412330230556,8374.047078104526,63172592.44788268,87472947.96276668,117236659.09346336,261500847.3639059,304158379.42346925,352113838.89497846,47123304.85598368,56746057.89323725,67521362.66230208
NVIDIA H20 cumulative through Q2 2024,Q2 2024,NVIDIA,H20,2024-01-01,2024-06-30,9525.919242228776,10758.300312470485,12073.598350832266,152414707.87566042,188270255.4682335,229398368.66581306,15007.881846014212,16886.894696697826,18895.43255188867,150078818.4601421,202642736.3603739,264536055.72644135,620592638.9345535,705021517.8045837,796606664.3021452,130489650.34117842,148494306.12760168,168111497.24555477
NVIDIA H20 cumulative through Q3 2024,Q3 2024,NVIDIA,H20,2024-01-01,2024-09-30,16287.00815102805,17978.096582022838,19787.95891849459,260592130.4164488,314616690.18539965,375971219.45139724,25720.881050219243,28348.7300744511,31194.575420392022,257208810.50219244,340184760.8934132,436724055.88548833,1063842930.3803914,1184491546.6348343,1316248234.3538065,234321710.11561537,260458829.64604467,288643012.6323432
NVIDIA H20 cumulative through Q4 2024,Q4 2024,NVIDIA,H20,2024-01-01,2024-12-31,30923.478301222814,33131.17890348317,35562.615335095215,494775652.81956506,579795630.8109554,675689691.3668091,49213.34268834876,52746.21338736142,56626.05879147832,492133426.88348764,632954560.648337,792764823.0806965,2026540496.2042298,2203109953.250033,2395200775.80221,382186557.60314965,417104669.86179185,454853296.7736845
NVIDIA H20 cumulative through Q1 2025,Q1 2025,NVIDIA,H20,2024-01-01,2025-03-31,43843.16094376745,46152.78796529661,48630.83587211603,701490575.1002792,807673789.3926907,923985881.5702046,70861.64999217815,74592.3622138442,78607.07867736412,708616499.9217815,895108346.5661304,1100499101.4830976,2908383627.721311,3115178438.1537523,3336977574.621828,711167008.7474948,753809913.697515,798416874.9559556
NVIDIA H20 cumulative through Q2 2025,Q2 2025,NVIDIA,H20,2024-01-01,2025-06-30,44929.96609640841,47255.00475477877,49749.30233441974,718879457.5425346,826962583.2086284,945236744.353975,73125.65340309538,76887.43833156128,80921.42103106028,731256534.0309538,922649259.9787353,1132899894.434844,3000722928.5925303,3210121254.8619294,3436374047.429768,835880252.1116822,877643393.091478,920968028.7871308
NVIDIA H20 cumulative through Q3 2025,Q3 2025,NVIDIA,H20,2024-01-01,2025-09-30,45016.059224458884,47346.02687327909,49841.75081108397,720256947.5913421,828555470.282384,946993265.4105954,73338.3034051809,77104.49143514386,81131.54850809331,733383034.051809,925253897.2217264,1135841679.1133063,3009216795.7691255,3218863416.569285,3445215812.7505317,842794783.103438,884519787.9864471,928014038.2709935
Other cumulative through Q1 2024,Q1 2024,Other,Other,2024-01-01,2024-03-31,439807.81509158114,439807.81509158114,439807.81509158114,8246396532.967147,8246396532.967147,8246396532.967147,7589.683063566044,7589.683063566044,7589.683063566044,91076196.76279253,91076196.76279253,91076196.76279253,822731592.8051045,822731592.8051045,822731592.8051045,0.0,0.0,0.0
Other cumulative through Q2 2024,Q2 2024,Other,Other,2024-01-01,2024-06-30,972700.2319085542,972700.2319085542,972700.2319085542,18238129348.285393,18238129348.285393,18238129348.285393,19551.360051998607,19551.360051998607,19551.360051998607,234616320.62398326,234616320.62398326,234616320.62398326,2016262704.4632742,2016262704.4632742,2016262704.4632742,0.0,0.0,0.0
Other cumulative through Q3 2024,Q3 2024,Other,Other,2024-01-01,2024-09-30,1552204.7952128905,1552204.7952128905,1552204.7952128905,29103839910.241695,29103839910.241695,29103839910.241695,33078.35026752403,33078.35026752403,33078.35026752403,396940203.21028835,396940203.21028835,396940203.21028835,3596961599.2737417,3596961599.2737417,3596961599.2737417,0.0,0.0,0.0
Other cumulative through Q4 2024,Q4 2024,Other,Other,2024-01-01,2024-12-31,2318555.4285618793,2318555.4285618793,2318555.4285618793,43472914285.53523,43472914285.53523,43472914285.53523,36037.83949474698,36037.83949474698,36037.83949474698,432454073.93696374,432454073.93696374,432454073.93696374,6251566995.18006,6251566995.18006,6251566995.18006,0.0,0.0,0.0
Other cumulative through Q1 2025,Q1 2025,Other,Other,2024-01-01,2025-03-31,2999999.651266732,2999999.651266732,2999999.651266732,56249993461.25122,56249993461.25122,56249993461.25122,37869.401439431516,37869.401439431516,37869.401439431516,454432817.2731782,454432817.2731782,454432817.2731782,7197366578.887177,7197366578.887177,7197366578.887177,0.0,0.0,0.0
Other cumulative through Q2 2025,Q2 2025,Other,Other,2024-01-01,2025-06-30,3841592.486398861,3841592.486398861,3841592.486398861,72029859119.97864,72029859119.97864,72029859119.97864,62848.400907261006,62848.400907261006,62848.400907261006,754180810.8871322,754180810.8871322,754180810.8871322,8772812529.966463,8772812529.966463,8772812529.966463,0.0,0.0,0.0
Other cumulative through Q3 2025,Q3 2025,Other,Other,2024-01-01,2025-09-30,4789512.814967847,4789512.814967847,4789512.814967847,89803365280.64714,89803365280.64714,89803365280.64714,87736.57564505163,87736.57564505163,87736.57564505163,1052838907.7406197,1052838907.7406197,1052838907.7406197,9519053669.87847,9519053669.87847,9519053669.87847,0.0,0.0,0.0
Other cumulative through Q4 2025,Q4 2025,Other,Other,2024-01-01,2025-12-31,5747729.658288053,5747729.658288053,5747729.658288053,107769931092.901,107769931092.901,107769931092.901,118977.25186020444,118977.25186020444,118977.25186020444,1427727022.3224535,1427727022.3224535,1427727022.3224535,9918391622.570726,9918391622.570726,9918391622.570726,0.0,0.0,0.0
