Name,Chip manufacturer,Start date,End date,Incomplete,Number of Units,Number of Units (5th percentile),Number of Units (95th percentile),Compute estimate in H100e (median),H100e (5th percentile),H100e (95th percentile),Source / Link,Notes,Chip type,Last Modified By,Last Modified,Chip type (linked),Chip TDP (W),Total TDP (W),Total TDP (W) (5th percentile),Total TDP (W) (95th percentile),Chip Cost (Linked),Chip Cost (USD),Cost Estimate (USD)
Q1 2022 - A100,Nvidia,2022-01-01,2022-03-31,true,147645,113423,191482,46554.0,35763.0,60376.0,,Estimate is incomplete because it is based on Nvidia fiscal quarters beginning 1/31/2022. Estimates generated on: 01-28-2026 12:48,A100,Joshua You,2026-01-28 18:19:11+00:00,A100,400,59058000,45369200,76592800,12000,12000,1771740000
Q2 2022 - A100,Nvidia,2022-04-01,2022-06-30,,226324,173378,293623,71362.0,54668.0,92582.0,,Estimates generated on: 01-28-2026 12:48,A100,Joshua You,2026-01-28 18:19:11+00:00,A100,400,90529600,69351200,117449200,12000,12000,2715888000
Q3 2022 - A100,Nvidia,2022-07-01,2022-09-30,,215200,165507,279450,67855.0,52186.0,88113.0,,Estimates generated on: 01-28-2026 12:48,A100,Joshua You,2026-01-28 18:19:11+00:00,A100,400,86080000,66202800,111780000,12000,12000,2582400000
Q3 2022 - H100/H200,Nvidia,2022-07-01,2022-09-30,,6106,5148,7204,6106.0,5148.0,7204.0,,Estimates generated on: 01-28-2026 12:48,H100/H200,Joshua You,2026-01-28 18:19:11+00:00,H100,700,4274200,3603600,5042800,25000,25000,152650000
Q4 2022 - TPU v4i,Google,2022-10-01,2022-12-31,true,20656,12558,31242,1440.0,875.0,2178.0,,Estimate is incomplete because it is based on Broadcom fiscal quarters beginning 10/31/2022. Estimates generated on: 01-28-2026 12:41,TPU v4i,Joshua You,2026-01-28 20:04:15+00:00,TPU v4i,175,3614800,2197650,5467350,,2322,47963232
Q4 2022 - TPU v4,Google,2022-10-01,2022-12-31,true,66457,49107,87062,9234.0,6823.0,12098.0,,Estimate is incomplete because it is based on Broadcom fiscal quarters beginning 10/31/2022. Estimates generated on: 01-28-2026 12:41,TPU v4,Joshua You,2026-01-28 20:04:10+00:00,TPU v4,340,22595380,16696380,29601080,3900,3389,225222773
Q4 2022 - TPU v5e,Google,2022-10-01,2022-12-31,true,15803,9792,23634,3138.0,1944.0,4693.0,,Estimate is incomplete because it is based on Broadcom fiscal quarters beginning 10/31/2022. Estimates generated on: 01-28-2026 12:41,TPU v5e,Joshua You,2026-01-28 20:04:18+00:00,TPU v5e,225,3555675,2203200,5317650,2900,2704,42731312
Q4 2022 - A100,Nvidia,2022-10-01,2022-12-31,,113277,87190,147290,35717.0,27491.0,46442.0,,Estimates generated on: 01-28-2026 12:48,A100,Joshua You,2026-01-28 18:19:11+00:00,A100,400,45310800,34876000,58916000,12000,12000,1359324000
Q4 2022 - H100/H200,Nvidia,2022-10-01,2022-12-31,,32492,27372,38332,32492.0,27372.0,38332.0,,Estimates generated on: 01-28-2026 12:48,H100/H200,Joshua You,2026-01-28 18:19:11+00:00,H100,700,22744400,19160400,26832400,25000,25000,812300000
Q4 2022 - A800,Nvidia,2022-10-01,2022-12-31,,28117,21489,36535,8865.0,6775.0,11520.0,,Estimates generated on: 01-28-2026 12:48,A800,Joshua You,2026-01-28 18:19:11+00:00,A800,400,11246800,8595600,14614000,12000,12000,337404000
Q1 2023 - TPU v4i,Google,2023-01-01,2023-03-31,,9661,5874,14613,673.0,409.0,1019.0,,Estimates generated on: 01-28-2026 12:41,TPU v4i,Joshua You,2026-01-28 18:00:18+00:00,TPU v4i,175,1690675,1027950,2557275,,2322,22432842
Q1 2023 - TPU v4,Google,2023-01-01,2023-03-31,,118996,84982,160359,16535.0,11809.0,22283.0,,Estimates generated on: 01-28-2026 12:41,TPU v4,Joshua You,2026-01-28 18:00:18+00:00,TPU v4,340,40458640,28893880,54522060,3900,3389,403277444
Q1 2023 - TPU v5e,Google,2023-01-01,2023-03-31,,39100,18789,62708,7764.0,3731.0,12453.0,,Estimates generated on: 01-28-2026 12:41,TPU v5e,Joshua You,2026-01-28 18:00:18+00:00,TPU v5e,225,8797500,4227525,14109300,2900,2704,105726400
Q1 2023 - A100,Nvidia,2023-01-01,2023-03-31,,58773,45347,76478,18531.0,14298.0,24114.0,,Estimates generated on: 01-28-2026 12:48,A100,Joshua You,2026-01-28 18:19:11+00:00,A100,400,23509200,18138800,30591200,12000,12000,705276000
Q1 2023 - H100/H200,Nvidia,2023-01-01,2023-03-31,,56536,47792,66904,56536.0,47792.0,66904.0,,Estimates generated on: 01-28-2026 12:48,H100/H200,Joshua You,2026-01-28 18:19:11+00:00,H100,700,39575200,33454400,46832800,25000,25000,1413400000
Q1 2023 - A800,Nvidia,2023-01-01,2023-03-31,,29250,22439,38054,9222.0,7075.0,11999.0,,Estimates generated on: 01-28-2026 12:48,A800,Joshua You,2026-01-28 18:19:11+00:00,A800,400,11700000,8975600,15221600,12000,12000,351000000
Q1 2023 - H800,Nvidia,2023-01-01,2023-03-31,,7397,5980,9252,7397.0,5980.0,9252.0,,Estimates generated on: 01-28-2026 12:48,H800,Joshua You,2026-01-28 18:19:11+00:00,H800,700,5177900,4186000,6476400,30000,30000,221910000
Q2 2023 - TPU v4,Google,2023-04-01,2023-06-30,,65920,37126,97750,9160.0,5159.0,13583.0,,Estimates generated on: 01-28-2026 12:41,TPU v4,Joshua You,2026-01-28 18:00:18+00:00,TPU v4,340,22412800,12622840,33235000,3900,3389,223402880
Q2 2023 - TPU v5e,Google,2023-04-01,2023-06-30,,119810,80502,170140,23792.0,15986.0,33787.0,,Estimates generated on: 01-28-2026 12:41,TPU v5e,Joshua You,2026-01-28 18:00:18+00:00,TPU v5e,225,26957250,18112950,38281500,2900,2704,323966240
Q2 2023 - A100,Nvidia,2023-04-01,2023-06-30,,64286,49564,83810,20270.0,15628.0,26426.0,,Estimates generated on: 01-28-2026 12:48,A100,Joshua You,2026-01-28 18:19:11+00:00,A100,400,25714400,19825600,33524000,12000,12000,771432000
Q2 2023 - H100/H200,Nvidia,2023-04-01,2023-06-30,,150868,127870,179142,150868.0,127870.0,179142.0,,Estimates generated on: 01-28-2026 12:48,H100/H200,Joshua You,2026-01-28 18:19:11+00:00,H100,700,105607600,89509000,125399400,25000,25000,3771700000
Q2 2023 - A800,Nvidia,2023-04-01,2023-06-30,,26235,20136,34327,8272.0,6349.0,10823.0,,Estimates generated on: 01-28-2026 12:48,A800,Joshua You,2026-01-28 18:19:11+00:00,A800,400,10494000,8054400,13730800,12000,12000,314820000
Q2 2023 - H800,Nvidia,2023-04-01,2023-06-30,,32275,26007,39805,32275.0,26007.0,39805.0,,Estimates generated on: 01-28-2026 12:48,H800,Joshua You,2026-01-28 18:19:11+00:00,H800,700,22592500,18204900,27863500,30000,30000,968250000
Q3 2023 - TPU v4,Google,2023-07-01,2023-09-30,,11156,3260,19137,1550.0,453.0,2659.0,,Estimates generated on: 01-28-2026 12:41,TPU v4,Joshua You,2026-01-28 18:00:18+00:00,TPU v4,340,3793040,1108400,6506580,3900,3389,37807684
Q3 2023 - TPU v5e,Google,2023-07-01,2023-09-30,,248952,178583,334722,49438.0,35464.0,66470.0,,Estimates generated on: 01-28-2026 12:41,TPU v5e,Joshua You,2026-01-28 18:00:18+00:00,TPU v5e,225,56014200,40181175,75312450,2900,2704,673166208
Q3 2023 - A100,Nvidia,2023-07-01,2023-09-30,,54904,42108,71649,17311.0,13277.0,22592.0,,Estimates generated on: 01-28-2026 12:48,A100,Joshua You,2026-01-28 18:19:11+00:00,A100,400,21961600,16843200,28659600,12000,12000,658848000
Q3 2023 - H100/H200,Nvidia,2023-07-01,2023-09-30,,259631,219080,307406,259631.0,219080.0,307406.0,,Estimates generated on: 01-28-2026 12:48,H100/H200,Joshua You,2026-01-28 18:19:11+00:00,H100,700,181741700,153356000,215184200,25000,25000,6490775000
Q3 2023 - A800,Nvidia,2023-07-01,2023-09-30,,28404,21885,37072,8956.0,6900.0,11689.0,,Estimates generated on: 01-28-2026 12:48,A800,Joshua You,2026-01-28 18:19:11+00:00,A800,400,11361600,8754000,14828800,12000,12000,340848000
Q3 2023 - H800,Nvidia,2023-07-01,2023-09-30,,56780,45740,70293,56780.0,45740.0,70293.0,,Estimates generated on: 01-28-2026 12:48,H800,Joshua You,2026-01-28 18:19:11+00:00,H800,700,39746000,32018000,49205100,30000,30000,1703400000
Q4 2023 - TPU v5e,Google,2023-10-01,2023-12-31,,387909,288740,506896,77033.0,57339.0,100662.0,,Estimates generated on: 01-28-2026 12:41,TPU v5e,Joshua You,2026-01-28 18:00:18+00:00,TPU v5e,225,87279525,64966500,114051600,2900,2704,1048905936
Q4 2023 - TPU v5p,Google,2023-10-01,2023-12-31,,14605,7476,22313,6775.0,3468.0,10350.0,,Estimates generated on: 01-28-2026 12:41,TPU v5p,Joshua You,2026-01-28 18:00:18+00:00,TPU v5p,540,7886700,4037040,12049020,6400,6022,87951310
Q4 2023 - A100,Nvidia,2023-10-01,2023-12-31,,15130,11574,19746,4770.0,3649.0,6226.0,,Estimates generated on: 01-28-2026 12:48,A100,Joshua You,2026-01-28 18:19:11+00:00,A100,400,6052000,4629600,7898400,12000,12000,181560000
Q4 2023 - H100/H200,Nvidia,2023-10-01,2023-12-31,,422172,355867,500558,422172.0,355867.0,500558.0,,Estimates generated on: 01-28-2026 12:48,H100/H200,Joshua You,2026-01-28 18:19:11+00:00,H100,700,295520400,249106900,350390600,25000,25000,10554300000
Q4 2023 - A800,Nvidia,2023-10-01,2023-12-31,,9071,7005,11815,2860.0,2209.0,3725.0,,Estimates generated on: 01-28-2026 12:48,A800,Joshua You,2026-01-28 18:19:11+00:00,A800,400,3628400,2802000,4726000,12000,12000,108852000
Q4 2023 - H800,Nvidia,2023-10-01,2023-12-31,,19971,16088,24769,19971.0,16088.0,24769.0,,Estimates generated on: 01-28-2026 12:48,H800,Joshua You,2026-01-28 18:19:11+00:00,H800,700,13979700,11261600,17338300,30000,30000,599130000
Q1 2024 - TPU v5e,Google,2024-01-01,2024-03-31,,416458,306998,548495,82702.0,60965.0,108923.0,,Estimates generated on: 01-28-2026 12:41,TPU v5e,Joshua You,2026-01-28 18:00:18+00:00,TPU v5e,225,93703050,69074550,123411375,2900,2704,1126102432
Q1 2024 - TPU v5p,Google,2024-01-01,2024-03-31,,83106,59277,110342,38550.0,27497.0,51184.0,,Estimates generated on: 01-28-2026 12:41,TPU v5p,Joshua You,2026-01-28 18:00:18+00:00,TPU v5p,540,44877240,32009580,59584680,6400,6022,500464332
Q1 2024 - H100/H200,Nvidia,2024-01-01,2024-03-31,,550503,466753,647115,550503.0,466753.0,647115.0,,Estimates generated on: 01-28-2026 12:48,H100/H200,Joshua You,2026-01-28 18:19:23+00:00,H100,700,385352100,326727100,452980500,25000,25000,13762575000
Q1 2024 - H20,Nvidia,2024-01-01,2024-03-31,,139117,107118,181766,20807.0,16021.0,27186.0,,Estimates generated on: 01-28-2026 12:48,H20,Joshua You,2026-01-28 18:19:23+00:00,H20,400,55646800,42847200,72706400,12000,12000,1669404000
FY24 Q1 - MI250X,AMD,2024-01-01,2024-03-31,,30367,20483,42440,5877.0,3964.0,8213.0,,Date estimates were generated: 01-21-2026 16:32,MI250X,Joshua You,2026-01-28 17:14:46+00:00,Instinct MI250X,500,15183500,10241500,21220000,10000,10000,303670000
FY24 Q1 - MI300X,AMD,2024-01-01,2024-03-31,,34445,24841,47284,45514.0,32825.0,62480.0,,Date estimates were generated: 01-21-2026 16:32,MI300X,Joshua You,2026-01-28 17:14:46+00:00,Instinct MI300X,750,25833750,18630750,35463000,12500,12500,430562500
FY24 Q1 - MI300A,AMD,2024-01-01,2024-03-31,,3537,1098,6369,3505.0,1088.0,6311.0,,Date estimates were generated: 01-21-2026 16:32,MI300A,Joshua You,2026-01-28 17:14:46+00:00,Instinct MI300A,760,2688120,834480,4840440,6700,6700,23697900
Q1 2024 Ascend 910B,Huawei,2024-01-01,2024-03-31,,100000,87500,125000,35378.75,27362.75,45990.5,see methodology,Confidence intervals in units are relatively unprincipled due to lack of revenue model. Don't take them too literally. H100e conversion incorporates some uncertainty over average chip specifications. See methodology,Ascend 910B,Joshua You,2026-01-28 17:14:46+00:00,Ascend 910B,400,40000000,35000000,50000000,15000,15000,1500000000
Q1 2024 Ascend 910C,Huawei,2024-01-01,2024-03-31,,12500,6250,25000,9649.0,4876.75,18995.25,see methodology,Confidence intervals in units are relatively unprincipled due to lack of revenue model. Don't take them too literally. H100e conversion incorporates some uncertainty over average chip specifications. See methodology,Ascend 910C,Joshua You,2026-01-28 17:14:46+00:00,Ascend 910C,700,8750000,4375000,17500000,20000,20000,250000000
Q1 2024 Trainium1/Inferentia,Amazon,2024-01-01,2024-03-31,,110000,50000,250000,23345.0,10611.0,53057.0,see AI Chip Sales methodology,More speculative,Trainium1,Joshua You,2026-03-09 21:03:30+00:00,Trainium1,,33000000,15000000,75000000,,,0
Q1 2024 Trainium2,Amazon,2024-01-01,2024-03-31,,15000,5000,25000,9845.0,3281.0,16409.0,https://colab.research.google.com/github/epoch-research/ai-chip-counts/blob/main/trainium_timelines.ipynb,Estimates generated on: 02-13-2026 14:27,Trainium2,Joshua You,2026-02-13 22:31:47+00:00,Trainium2,500,7500000,2500000,12500000,4000,4000,60000000
2024 Q1 - Siyuan 590,Cambricon,2024-01-01,2024-03-31,,547,525,591,142.0,136.0,153.0,,Cambricon methodology: https://docs.google.com/document/d/1LmVwqNAxL33wipBo7boVf5TRJusubmiLmACy2m0E2ew/edit?usp=sharing; quarterly allocation proportional to reported quarterly revenue,Siyuan 590,Venkat S,2026-05-12 18:23:47+00:00,Siyuan 590,200,109400,105000,118200,,,0
Q2 2024 - TPU v5e,Google,2024-04-01,2024-06-30,,374682,255369,527867,74406.0,50712.0,104826.0,,Estimates generated on: 01-28-2026 12:41,TPU v5e,Joshua You,2026-01-28 18:00:18+00:00,TPU v5e,225,84303450,57458025,118770075,2900,2704,1013140128
Q2 2024 - TPU v5p,Google,2024-04-01,2024-06-30,,144688,98256,197652,67116.0,45578.0,91685.0,,Estimates generated on: 01-28-2026 12:41,TPU v5p,Joshua You,2026-01-28 18:00:18+00:00,TPU v5p,540,78131520,53058240,106732080,6400,6022,871311136
Q2 2024 - H100/H200,Nvidia,2024-04-01,2024-06-30,,648803,552079,761640,648803.0,552079.0,761640.0,,Estimates generated on: 01-28-2026 12:48,H100/H200,Joshua You,2026-01-28 18:19:23+00:00,H100,700,454162100,386455300,533148000,25000,25000,16220075000
Q2 2024 - H20,Nvidia,2024-04-01,2024-06-30,,223789,172854,290498,33472.0,25853.0,43450.0,,Estimates generated on: 01-28-2026 12:48,H20,Joshua You,2026-01-28 18:19:23+00:00,H20,400,89515600,69141600,116199200,12000,12000,2685468000
FY24 Q2 - MI250X,AMD,2024-04-01,2024-06-30,,6645,1363,12299,1286.0,263.0,2380.0,,Date estimates were generated: 01-21-2026 16:32,MI250X,Joshua You,2026-01-28 17:14:46+00:00,Instinct MI250X,500,3322500,681500,6149500,10000,10000,66450000
FY24 Q2 - MI300X,AMD,2024-04-01,2024-06-30,,80701,63192,102794,106636.0,83501.0,135829.0,,Date estimates were generated: 01-21-2026 16:32,MI300X,Joshua You,2026-01-28 17:14:46+00:00,Instinct MI300X,750,60525750,47394000,77095500,12500,12500,1008762500
FY24 Q2 - MI300A,AMD,2024-04-01,2024-06-30,,10490,3895,17706,10395.0,3860.0,17545.0,,Date estimates were generated: 01-21-2026 16:32,MI300A,Joshua You,2026-01-28 17:14:46+00:00,Instinct MI300A,760,7972400,2960200,13456560,6700,6700,70283000
Q2 2024 Ascend 910B,Huawei,2024-04-01,2024-06-30,,100000,87500,125000,35378.75,27362.75,45990.5,see methodology,Confidence intervals in units are relatively unprincipled due to lack of revenue model. Don't take them too literally. H100e conversion incorporates some uncertainty over average chip specifications. See methodology,Ascend 910B,Joshua You,2026-01-28 17:14:46+00:00,Ascend 910B,400,40000000,35000000,50000000,15000,15000,1500000000
Q2 2024 Ascend 910C,Huawei,2024-04-01,2024-06-30,,12500,6250,25000,9649.0,4876.75,18995.25,see methodology,Confidence intervals in units are relatively unprincipled due to lack of revenue model. Don't take them too literally. H100e conversion incorporates some uncertainty over average chip specifications. See methodology,Ascend 910C,Joshua You,2026-01-28 17:14:46+00:00,Ascend 910C,700,8750000,4375000,17500000,20000,20000,250000000
Q2 2024 Trainium1/Inferentia,Amazon,2024-04-01,2024-06-30,,110000,50000,250000,23345.0,10611.0,53057.0,see AI Chip Sales methodology,More speculative,Trainium1,Joshua You,2026-03-09 21:03:31+00:00,Trainium1,,33000000,15000000,75000000,,,0
Q2 2024 Trainium2,Amazon,2024-04-01,2024-06-30,,30000,20000,50000,19691.0,13127.0,32819.0,https://colab.research.google.com/github/epoch-research/ai-chip-counts/blob/main/trainium_timelines.ipynb,Estimates generated on: 02-13-2026 14:27,Trainium2,Joshua You,2026-02-13 22:31:47+00:00,Trainium2,500,15000000,10000000,25000000,4000,4000,120000000
2024 Q2 - Siyuan 590,Cambricon,2024-04-01,2024-06-30,,832,799,899,215.0,207.0,233.0,,Cambricon methodology: https://docs.google.com/document/d/1LmVwqNAxL33wipBo7boVf5TRJusubmiLmACy2m0E2ew/edit?usp=sharing; quarterly allocation proportional to reported quarterly revenue,Siyuan 590,Venkat S,2026-05-12 18:23:55+00:00,Siyuan 590,200,166400,159800,179800,,,0
Q3 2024 - TPU v5e,Google,2024-07-01,2024-09-30,,358295,216030,535043,71152.0,42900.0,106251.0,,Estimates generated on: 01-28-2026 12:41,TPU v5e,Joshua You,2026-01-28 18:00:18+00:00,TPU v5e,225,80616375,48606750,120384675,2900,2704,968829680
Q3 2024 - TPU v5p,Google,2024-07-01,2024-09-30,,160263,99699,231251,74341.0,46247.0,107270.0,,Estimates generated on: 01-28-2026 12:41,TPU v5p,Joshua You,2026-01-28 18:00:18+00:00,TPU v5p,540,86542020,53837460,124875540,6400,6022,965103786
Q3 2024 - TPU v6e,Google,2024-07-01,2024-09-30,,40118,16353,72160,37219.0,15172.0,66946.0,,Estimates generated on: 01-28-2026 12:41,TPU v6e,Joshua You,2026-01-28 18:00:18+00:00,TPU v6e,380,15244840,6214140,27420800,4300,4059,162838962
Q3 2024 - H100/H200,Nvidia,2024-07-01,2024-09-30,,791332,675899,930021,791332.0,675899.0,930021.0,,Estimates generated on: 01-28-2026 12:48,H100/H200,Joshua You,2026-01-28 18:19:23+00:00,H100,700,553932400,473129300,651014700,25000,25000,19783300000
Q3 2024 - H20,Nvidia,2024-07-01,2024-09-30,,274454,212258,354333,41050.0,31747.0,52997.0,,Estimates generated on: 01-28-2026 12:48,H20,Joshua You,2026-01-28 18:19:23+00:00,H20,400,109781600,84903200,141733200,12000,12000,3293448000
FY24 Q3 - MI250X,AMD,2024-07-01,2024-09-30,,4449,1589,7692,861.0,307.0,1488.0,,Date estimates were generated: 01-21-2026 16:32,MI250X,Joshua You,2026-01-28 17:14:46+00:00,Instinct MI250X,500,2224500,794500,3846000,10000,10000,44490000
FY24 Q3 - MI300X,AMD,2024-07-01,2024-09-30,,94469,75488,118566,124829.0,99749.0,156671.0,,Date estimates were generated: 01-21-2026 16:32,MI300X,Joshua You,2026-01-28 17:14:46+00:00,Instinct MI300X,750,70851750,56616000,88924500,12500,12500,1180862500
FY24 Q3 - MI300A,AMD,2024-07-01,2024-09-30,,43514,32854,55701,43119.0,32556.0,55194.0,,Date estimates were generated: 01-21-2026 16:32,MI300A,Joshua You,2026-01-28 17:14:46+00:00,Instinct MI300A,760,33070640,24969040,42332760,6700,6700,291543800
Q3 2024 Ascend 910B,Huawei,2024-07-01,2024-09-30,,100000,87500,125000,35378.75,27362.75,45990.5,see methodology,Confidence intervals in units are relatively unprincipled due to lack of revenue model. Don't take them too literally. H100e conversion incorporates some uncertainty over average chip specifications. See methodology,Ascend 910B,Joshua You,2026-01-28 17:14:46+00:00,Ascend 910B,400,40000000,35000000,50000000,15000,15000,1500000000
Q3 2024 Ascend 910C,Huawei,2024-07-01,2024-09-30,,12500,6250,25000,9649.0,4876.75,18995.25,see methodology,Confidence intervals in units are relatively unprincipled due to lack of revenue model. Don't take them too literally. H100e conversion incorporates some uncertainty over average chip specifications. See methodology,Ascend 910C,Joshua You,2026-01-28 17:14:46+00:00,Ascend 910C,700,8750000,4375000,17500000,20000,20000,250000000
Q3 2024 Trainium1/Inferentia,Amazon,2024-07-01,2024-09-30,,110000,50000,250000,23345.0,10611.0,53057.0,see AI Chip Sales methodology,More speculative,Trainium1,Joshua You,2026-03-09 21:03:32+00:00,Trainium1,,33000000,15000000,75000000,,,0
Q3 2024 Trainium2,Amazon,2024-07-01,2024-09-30,,80000,50000,105000,52511.0,32819.0,68921.0,https://colab.research.google.com/github/epoch-research/ai-chip-counts/blob/main/trainium_timelines.ipynb,Estimates generated on: 02-13-2026 14:27,Trainium2,Joshua You,2026-02-13 22:31:47+00:00,Trainium2,500,40000000,25000000,52500000,4000,4000,320000000
2024 Q3 - Siyuan 590,Cambricon,2024-07-01,2024-09-30,,2565,2462,2770,664.0,637.0,717.0,,Cambricon methodology: https://docs.google.com/document/d/1LmVwqNAxL33wipBo7boVf5TRJusubmiLmACy2m0E2ew/edit?usp=sharing; quarterly allocation proportional to reported quarterly revenue,Siyuan 590,Venkat S,2026-05-12 18:24:02+00:00,Siyuan 590,200,513000,492400,554000,,,0
Q4 2024 - TPU v5e,Google,2024-10-01,2024-12-31,,301209,184490,443005,59815.0,36637.0,87974.0,,Estimates generated on: 01-28-2026 12:41,TPU v5e,Joshua You,2026-01-28 18:00:18+00:00,TPU v5e,225,67772025,41510250,99676125,2900,2704,814469136
Q4 2024 - TPU v5p,Google,2024-10-01,2024-12-31,,134277,85830,191898,62287.0,39814.0,89015.0,,Estimates generated on: 01-28-2026 12:41,TPU v5p,Joshua You,2026-01-28 18:00:18+00:00,TPU v5p,540,72509580,46348200,103624920,6400,6022,808616094
Q4 2024 - TPU v6e,Google,2024-10-01,2024-12-31,,173436,117773,241602,160903.0,109262.0,224144.0,,Estimates generated on: 01-28-2026 12:41,TPU v6e,Joshua You,2026-01-28 18:00:18+00:00,TPU v6e,380,65905680,44753740,91808760,4300,4059,703976724
Q4 2024 - H100/H200,Nvidia,2024-10-01,2024-12-31,,681252,580308,796953,681252.0,580308.0,796953.0,,Estimates generated on: 01-28-2026 12:48,H100/H200,Joshua You,2026-01-28 18:19:23+00:00,H100,700,476876400,406215600,557867100,25000,25000,17031300000
Q4 2024 - H20,Nvidia,2024-10-01,2024-12-31,,325386,251072,424357,48668.0,37553.0,63471.0,,Estimates generated on: 01-28-2026 12:48,H20,Joshua You,2026-01-28 18:19:23+00:00,H20,400,130154400,100428800,169742800,12000,12000,3904632000
Q4 2024 - B200,Nvidia,2024-10-01,2024-12-31,,201198,171886,234850,508333.0,434276.0,593355.0,,Estimates generated on: 01-28-2026 12:48,B200,Joshua You,2026-01-28 18:19:23+00:00,B200,1200,241437600,206263200,281820000,37000,37000,7444326000
FY24 Q4 - MI250X,AMD,2024-10-01,2024-12-31,,3580,1787,5691,692.0,345.0,1101.0,,Date estimates were generated: 01-21-2026 16:32,MI250X,Joshua You,2026-01-28 17:14:46+00:00,Instinct MI250X,500,1790000,893500,2845500,10000,10000,35800000
FY24 Q4 - MI300X,AMD,2024-10-01,2024-12-31,,115303,92687,142968,152359.0,122474.0,188915.0,,Date estimates were generated: 01-21-2026 16:32,MI300X,Joshua You,2026-01-28 17:14:46+00:00,Instinct MI300X,750,86477250,69515250,107226000,12500,12500,1441287500
FY24 Q4 - MI300A,AMD,2024-10-01,2024-12-31,,52315,40045,65563,51839.0,39681.0,64966.0,,Date estimates were generated: 01-21-2026 16:32,MI300A,Joshua You,2026-01-28 17:14:46+00:00,Instinct MI300A,760,39759400,30434200,49827880,6700,6700,350510500
Q4 2024 Ascend 910B,Huawei,2024-10-01,2024-12-31,,100000,87500,125000,35378.75,27362.75,45990.5,see methodology,Confidence intervals in units are relatively unprincipled due to lack of revenue model. Don't take them too literally. H100e conversion incorporates some uncertainty over average chip specifications. See methodology,Ascend 910B,Joshua You,2026-01-28 17:14:46+00:00,Ascend 910B,400,40000000,35000000,50000000,15000,15000,1500000000
Q4 2024 Ascend 910C,Huawei,2024-10-01,2024-12-31,,12500,6250,25000,9649.0,4876.75,18995.25,see methodology,Confidence intervals in units are relatively unprincipled due to lack of revenue model. Don't take them too literally. H100e conversion incorporates some uncertainty over average chip specifications. See methodology,Ascend 910C,Joshua You,2026-01-28 17:14:46+00:00,Ascend 910C,700,8750000,4375000,17500000,20000,20000,250000000
Q4 2024 Trainium1/Inferentia,Amazon,2024-10-01,2024-12-31,,110000,50000,250000,23345.0,10611.0,53057.0,see AI Chip Sales methodology,More speculative,Trainium1,Joshua You,2026-03-09 21:03:33+00:00,Trainium1,,33000000,15000000,75000000,,,0
Q4 2024 Trainium2,Amazon,2024-10-01,2024-12-31,,190000,125000,265000,124714.0,82049.0,173943.0,https://colab.research.google.com/github/epoch-research/ai-chip-counts/blob/main/trainium_timelines.ipynb,Estimates generated on: 02-13-2026 14:27,Trainium2,Joshua You,2026-02-13 22:31:47+00:00,Trainium2,500,95000000,62500000,132500000,4000,4000,760000000
2024 Q4 - Siyuan 590,Cambricon,2024-10-01,2024-12-31,,21056,20214,22740,5447.0,5229.0,5882.0,,Cambricon methodology: https://docs.google.com/document/d/1LmVwqNAxL33wipBo7boVf5TRJusubmiLmACy2m0E2ew/edit?usp=sharing; quarterly allocation proportional to reported quarterly revenue,Siyuan 590,Venkat S,2026-05-12 18:24:10+00:00,Siyuan 590,200,4211200,4042800,4548000,,,0
Q1 2025 - TPU v5e,Google,2025-01-01,2025-03-31,,95802,61479,137977,19024.0,12208.0,27400.0,,Estimates generated on: 01-28-2026 12:41,TPU v5e,Joshua You,2026-01-28 18:00:18+00:00,TPU v5e,225,21555450,13832775,31044825,2900,2704,259048608
Q1 2025 - TPU v5p,Google,2025-01-01,2025-03-31,,96124,43153,149207,44589.0,20017.0,69213.0,,Estimates generated on: 01-28-2026 12:41,TPU v5p,Joshua You,2026-01-28 18:00:18+00:00,TPU v5p,540,51906960,23302620,80571780,6400,6022,578858728
Q1 2025 - TPU v6e,Google,2025-01-01,2025-03-31,,405292,301983,526267,376006.0,280162.0,488240.0,,Estimates generated on: 01-28-2026 12:41,TPU v6e,Joshua You,2026-01-28 18:00:18+00:00,TPU v6e,380,154010960,114753540,199981460,4300,4059,1645080228
Q1 2025 - H100/H200,Nvidia,2025-01-01,2025-03-31,,328883,274294,392144,328883.0,274294.0,392144.0,,Estimates generated on: 01-28-2026 12:48,H100/H200,Joshua You,2026-01-28 18:19:23+00:00,H100,700,230218100,192005800,274500800,25000,25000,8222075000
Q1 2025 - H20,Nvidia,2025-01-01,2025-03-31,,362365,298201,439700,54199.0,44602.0,65766.0,,Estimates generated on: 01-28-2026 12:48,H20,Joshua You,2026-01-28 18:19:23+00:00,H20,400,144946000,119280400,175880000,12000,12000,4348380000
Q1 2025 - B200,Nvidia,2025-01-01,2025-03-31,,520940,444056,608605,1316170.0,1121922.0,1537659.0,,Estimates generated on: 01-28-2026 12:48,B200,Joshua You,2026-01-28 18:19:23+00:00,B200,1200,625128000,532867200,730326000,37000,37000,19274780000
FY25 Q1 - MI300X,AMD,2025-01-01,2025-03-31,,85189,62759,114284,112567.0,82928.0,151012.0,,Date estimates were generated: 01-21-2026 16:32,MI300X,Joshua You,2026-01-28 17:14:46+00:00,Instinct MI300X,750,63891750,47069250,85713000,12500,12500,1064862500
FY25 Q1 - MI300A,AMD,2025-01-01,2025-03-31,,4565,2176,7468,4523.0,2156.0,7400.0,,Date estimates were generated: 01-21-2026 16:32,MI300A,Joshua You,2026-01-28 17:14:46+00:00,Instinct MI300A,760,3469400,1653760,5675680,6700,6700,30585500
FY25 Q1 - MI325X,AMD,2025-01-01,2025-03-31,,32645,19876,52390,43137.0,26264.0,69226.0,,Date estimates were generated: 01-21-2026 16:32,MI325X,Joshua You,2026-01-28 17:14:46+00:00,Instinct MI325X,1000,32645000,19876000,52390000,15000,15000,489675000
Q1 2025 Ascend 910B,Huawei,2025-01-01,2025-03-31,,50000,37500,66500,16816.5,11946.5,23883.25,see methodology,Confidence intervals in units are relatively unprincipled due to lack of revenue model. Don't take them too literally. H100e conversion incorporates some uncertainty over average chip specifications. See methodology,Ascend 910B,Joshua You,2026-01-28 17:14:46+00:00,Ascend 910B,400,20000000,15000000,26600000,15000,15000,750000000
Q1 2025 Ascend 910C,Huawei,2025-01-01,2025-03-31,,150000,125000,175000,115147.25,97198.5,136010.75,see methodology,Confidence intervals in units are relatively unprincipled due to lack of revenue model. Don't take them too literally. H100e conversion incorporates some uncertainty over average chip specifications. See methodology,Ascend 910C,Joshua You,2026-01-28 17:14:46+00:00,Ascend 910C,700,105000000,87500000,122500000,20000,20000,3000000000
Q1 2025 Trainium2,Amazon,2025-01-01,2025-03-31,,210000,180000,250000,137842.0,118150.0,164098.0,https://colab.research.google.com/github/epoch-research/ai-chip-counts/blob/main/trainium_timelines.ipynb,Estimates generated on: 02-13-2026 14:27,Trainium2,Joshua You,2026-02-13 22:31:47+00:00,Trainium2,500,105000000,90000000,125000000,4000,4000,840000000
2025 Q1 - Siyuan 590,Cambricon,2025-01-01,2025-03-31,,18817,17106,25659,4869.0,4425.0,6638.0,,Cambricon methodology: https://docs.google.com/document/d/1LmVwqNAxL33wipBo7boVf5TRJusubmiLmACy2m0E2ew/edit?usp=sharing; quarterly allocation proportional to reported quarterly revenue,Siyuan 590,Venkat S,2026-05-12 18:24:16+00:00,Siyuan 590,200,3763400,3421200,5131800,,,0
Q2 2025 - TPU v5p,Google,2025-04-01,2025-06-30,,31833,8721,53426,14766.0,4045.0,24782.0,,Estimates generated on: 01-28-2026 12:41,TPU v5p,Joshua You,2026-01-28 18:00:18+00:00,TPU v5p,540,17189820,4709340,28850040,6400,6022,191698326
Q2 2025 - TPU v6e,Google,2025-04-01,2025-06-30,,659478,512391,815915,611825.0,475367.0,756958.0,,Estimates generated on: 01-28-2026 12:41,TPU v6e,Joshua You,2026-01-28 18:00:18+00:00,TPU v6e,380,250601640,194708580,310047700,4300,4059,2676821202
Q2 2025 - H100/H200,Nvidia,2025-04-01,2025-06-30,,227846,186151,278409,227846.0,186151.0,278409.0,,Estimates generated on: 01-28-2026 12:48,H100/H200,Joshua You,2026-01-28 18:19:23+00:00,H100,700,159492200,130305700,194886300,25000,25000,5696150000
Q2 2025 - H20,Nvidia,2025-04-01,2025-06-30,,153073,128948,180663,22895.0,19286.0,27021.0,,Estimates generated on: 01-28-2026 12:48,H20,Joshua You,2026-01-28 18:19:23+00:00,H20,400,61229200,51579200,72265200,12000,12000,1836876000
Q2 2025 - B200,Nvidia,2025-04-01,2025-06-30,,436018,373418,508893,1101612.0,943451.0,1285734.0,,Estimates generated on: 01-28-2026 12:48,B200,Joshua You,2026-01-28 18:19:23+00:00,B200,1200,523221600,448101600,610671600,37000,37000,16132666000
Q2 2025 - B300,Nvidia,2025-04-01,2025-06-30,,215467,182592,253869,544384.0,461324.0,641408.0,,Estimates generated on: 01-28-2026 12:48,B300,Joshua You,2026-01-28 18:19:23+00:00,B300,1400,301653800,255628800,355416600,43000,43000,9265081000
FY25 Q2 - MI300X,AMD,2025-04-01,2025-06-30,,45748,31143,65451,60450.0,41152.0,86485.0,,Date estimates were generated: 01-21-2026 16:32,MI300X,Joshua You,2026-01-28 17:14:46+00:00,Instinct MI300X,750,34311000,23357250,49088250,12500,12500,571850000
FY25 Q2 - MI325X,AMD,2025-04-01,2025-06-30,,26771,15984,43643,35374.0,21121.0,57668.0,,Date estimates were generated: 01-21-2026 16:32,MI325X,Joshua You,2026-01-28 17:14:46+00:00,Instinct MI325X,1000,26771000,15984000,43643000,15000,15000,401565000
FY25 Q2 - MI350X,AMD,2025-04-01,2025-06-30,,4089,1764,6953,9533.0,4114.0,16212.0,,Date estimates were generated: 01-21-2026 16:32,MI350X,Joshua You,2026-01-28 17:14:46+00:00,Instinct MI350X,1000,4089000,1764000,6953000,23500,23500,96091500
Q2 2025 Ascend 910B,Huawei,2025-04-01,2025-06-30,,50000,37500,66500,16816.5,11946.5,23883.25,see methodology,Confidence intervals in units are relatively unprincipled due to lack of revenue model. Don't take them too literally. H100e conversion incorporates some uncertainty over average chip specifications. See methodology,Ascend 910B,Joshua You,2026-01-28 17:14:46+00:00,Ascend 910B,400,20000000,15000000,26600000,15000,15000,750000000
Q2 2025 Ascend 910C,Huawei,2025-04-01,2025-06-30,,150000,125000,175000,115147.25,97198.5,136010.75,see methodology,Confidence intervals in units are relatively unprincipled due to lack of revenue model. Don't take them too literally. H100e conversion incorporates some uncertainty over average chip specifications. See methodology,Ascend 910C,Joshua You,2026-01-28 17:14:46+00:00,Ascend 910C,700,105000000,87500000,122500000,20000,20000,3000000000
Q2 2025 Trainium2,Amazon,2025-04-01,2025-06-30,,250000,215000,285000,164098.0,141124.0,187071.0,https://colab.research.google.com/github/epoch-research/ai-chip-counts/blob/main/trainium_timelines.ipynb,Estimates generated on: 02-13-2026 14:27,Trainium2,Joshua You,2026-02-13 22:31:47+00:00,Trainium2,500,125000000,107500000,142500000,4000,4000,1000000000
2025 Q2 - Siyuan 590,Cambricon,2025-04-01,2025-06-30,,29953,27230,40845,7749.0,7044.0,10567.0,,Cambricon methodology: https://docs.google.com/document/d/1LmVwqNAxL33wipBo7boVf5TRJusubmiLmACy2m0E2ew/edit?usp=sharing; quarterly allocation proportional to reported quarterly revenue,Siyuan 590,Venkat S,2026-05-12 18:24:22+00:00,Siyuan 590,200,5990600,5446000,8169000,,,0
Q3 2025 - TPU v6e,Google,2025-07-01,2025-09-30,,729491,563130,921157,676779.0,522439.0,854596.0,,Estimates generated on: 01-28-2026 12:41,TPU v6e,Joshua You,2026-01-28 18:00:18+00:00,TPU v6e,380,277206580,213989400,350039660,4300,4059,2961003969
Q3 2025 - TPU v7,Google,2025-07-01,2025-09-30,,51254,23949,78369,119499.0,55837.0,182716.0,,Estimates generated on: 01-28-2026 12:41,TPU v7,Joshua You,2026-01-28 18:00:18+00:00,TPU v7,960,49203840,22991040,75234240,13000,11737,601568198
Q3 2025 - H100/H200,Nvidia,2025-07-01,2025-09-30,,126826,103574,155230,126826.0,103574.0,155230.0,,Estimates generated on: 01-28-2026 12:48,H100/H200,Joshua You,2026-01-28 18:19:23+00:00,H100,700,88778200,72501800,108661000,25000,25000,3170650000
Q3 2025 - H20,Nvidia,2025-07-01,2025-09-30,,17168,14497,20328,2567.0,2168.0,3040.0,,Estimates generated on: 01-28-2026 12:48,H20,Joshua You,2026-01-28 18:19:23+00:00,H20,400,6867200,5798800,8131200,12000,12000,206016000
Q3 2025 - B200,Nvidia,2025-07-01,2025-09-30,,347023,297528,404125,876763.0,751715.0,1021033.0,,Estimates generated on: 01-28-2026 12:48,B200,Joshua You,2026-01-28 18:19:23+00:00,B200,1200,416427600,357033600,484950000,37000,37000,12839851000
Q3 2025 - B300,Nvidia,2025-07-01,2025-09-30,,541067,460762,637915,1367022.0,1164129.0,1611710.0,,Estimates generated on: 01-28-2026 12:48,B300,Joshua You,2026-01-28 18:19:23+00:00,B300,1400,757493800,645066800,893081000,43000,43000,23265881000
FY25 Q3 - MI300X,AMD,2025-07-01,2025-09-30,,45815,28082,67319,60539.0,37108.0,88954.0,,Date estimates were generated: 01-21-2026 16:32,MI300X,Joshua You,2026-01-28 17:14:46+00:00,Instinct MI300X,750,34361250,21061500,50489250,12500,12500,572687500
FY25 Q3 - MI325X,AMD,2025-07-01,2025-09-30,,19754,8036,35747,26102.0,10619.0,47235.0,,Date estimates were generated: 01-21-2026 16:32,MI325X,Joshua You,2026-01-28 17:14:46+00:00,Instinct MI325X,1000,19754000,8036000,35747000,15000,15000,296310000
FY25 Q3 - MI350X,AMD,2025-07-01,2025-09-30,,36291,27124,47410,84612.0,63241.0,110536.0,,Date estimates were generated: 01-21-2026 16:32,MI350X,Joshua You,2026-01-28 17:14:46+00:00,Instinct MI350X,1000,36291000,27124000,47410000,23500,23500,852838500
FY25 Q3 - MI355X,AMD,2025-07-01,2025-09-30,,12387,7954,17491,31503.0,20230.0,44483.0,,Date estimates were generated: 01-21-2026 16:32,MI355X,Joshua You,2026-01-28 17:14:46+00:00,Instinct MI355X,1400,17341800,11135600,24487400,27500,27500,340642500
Q3 2025 Ascend 910B,Huawei,2025-07-01,2025-09-30,,50000,37500,66500,16816.5,11946.5,23883.25,see methodology,Confidence intervals in units are relatively unprincipled due to lack of revenue model. Don't take them too literally. H100e conversion incorporates some uncertainty over average chip specifications. See methodology,Ascend 910B,Joshua You,2026-01-28 17:14:46+00:00,Ascend 910B,400,20000000,15000000,26600000,15000,15000,750000000
Q3 2025 Ascend 910C,Huawei,2025-07-01,2025-09-30,,150000,125000,175000,115147.25,97198.5,136010.75,see methodology,Confidence intervals in units are relatively unprincipled due to lack of revenue model. Don't take them too literally. H100e conversion incorporates some uncertainty over average chip specifications. See methodology,Ascend 910C,Joshua You,2026-01-28 17:14:46+00:00,Ascend 910C,700,105000000,87500000,122500000,20000,20000,3000000000
Q3 2025 Trainium2,Amazon,2025-07-01,2025-09-30,,290000,250000,330000,190353.0,164098.0,216609.0,https://colab.research.google.com/github/epoch-research/ai-chip-counts/blob/main/trainium_timelines.ipynb,Estimates generated on: 02-13-2026 14:27,Trainium2,Joshua You,2026-02-13 22:31:47+00:00,Trainium2,500,145000000,125000000,165000000,4000,4000,1160000000
2025 Q3 - Siyuan 590,Cambricon,2025-07-01,2025-09-30,,29235,26578,39866,7563.0,6877.0,10313.0,,Cambricon methodology: https://docs.google.com/document/d/1LmVwqNAxL33wipBo7boVf5TRJusubmiLmACy2m0E2ew/edit?usp=sharing; quarterly allocation proportional to reported quarterly revenue,Siyuan 590,Venkat S,2026-05-12 18:24:30+00:00,Siyuan 590,200,5847000,5315600,7973200,,,0
Q4 2025 - TPU v6e,Google,2025-10-01,2025-12-31,,437012,244023,634084,405434.0,226391.0,588266.0,,Estimates generated on: 03-27-2026 18:13,TPU v6e,Joshua You,2026-03-31 18:17:39+00:00,TPU v6e,380,166064560,92728740,240951920,4300,4059,1773831708
Q4 2025 - TPU v7,Google,2025-10-01,2025-12-31,,242740,170237,327713,565943.0,396904.0,764056.0,,Estimates generated on: 03-27-2026 18:13,TPU v7,Joshua You,2026-03-31 18:17:40+00:00,TPU v7,960,233030400,163427520,314604480,13000,11737,2849039380
Q4 2025 - H100/H200,Nvidia,2025-10-01,2025-12-31,,23295,19005,28561,23295.0,19005.0,28561.0,,Estimates generated on: 01-28-2026 12:48,H100/H200,Joshua You,2026-03-02 21:01:09+00:00,H100,700,16306500,13303500,19992700,25000,25000,582375000
Q4 2025 - B200,Nvidia,2025-10-01,2025-12-31,,416504,357988,490079,1052310.0,904467.0,1238199.0,,Estimates generated on: 02-25-2026 19:39,B200,Joshua You,2026-03-02 20:59:50+00:00,B200,1200,499804800,429585600,588094800,37000,37000,15410648000
Q4 2025 - B300,Nvidia,2025-10-01,2025-12-31,,744907,632276,873201,1882029.0,1597465.0,2206168.0,,Estimates generated on: 02-25-2026 19:39,B300,Joshua You,2026-03-02 21:01:06+00:00,B300,1400,1042869800,885186400,1222481400,43000,43000,32031001000
FY25 Q4 - MI300X,AMD,2025-11-01,2025-12-31,,11166,6880,17519,14755.0,9092.0,21149.0,,"Date estimates were generated: 02-22-2026 15:29
",MI300X,Venkat S,2026-02-22 20:29:48+00:00,Instinct MI300X,750,8374500,5160000,13139250,12500,12500,139575000
"FY25 Q4 - MI325X
",AMD,2025-11-01,2025-12-31,,12843,5717,23358,16970.0,7555.0,30865.0,,"Date estimates were generated: 02-22-2026 15:29
",MI325X,Venkat S,2026-02-22 20:35:35+00:00,Instinct MI325X,1000,12843000,5717000,23358000,15000,15000,192645000
FY25 Q4 - MI350X,AMD,2025-11-01,2025-12-31,,35084,24801,47147,81797.0,57823.0,109922.0,,"Date estimates were generated: 02-22-2026 15:29
",MI350X,Venkat S,2026-02-22 20:36:59+00:00,Instinct MI350X,1000,35084000,24801000,47147000,23500,23500,824474000
FY25 Q4 - MI355X,AMD,2025-11-01,2025-12-31,,37040,26981,48847,94201.0,68618.0,124229.0,,"Date estimates were generated: 02-22-2026 15:29
",MI355X,Venkat S,2026-02-22 20:38:10+00:00,Instinct MI355X,1400,51856000,37773400,68385800,27500,27500,1018600000
Q4 2025 Ascend 910B,Huawei,2025-10-01,2025-12-31,,50000,37500,66500,16816.5,11946.5,23883.25,see methodology,Confidence intervals in units are relatively unprincipled due to lack of revenue model. Don't take them too literally. H100e conversion incorporates some uncertainty over average chip specifications. See methodology,Ascend 910B,Joshua You,2026-01-28 17:14:46+00:00,Ascend 910B,400,20000000,15000000,26600000,15000,15000,750000000
Q4 2025 Ascend 910C,Huawei,2025-10-01,2025-12-31,,150000,125000,175000,115147.25,97198.5,136010.75,see methodology,Confidence intervals in units are relatively unprincipled due to lack of revenue model. Don't take them too literally. H100e conversion incorporates some uncertainty over average chip specifications. See methodology,Ascend 910C,Joshua You,2026-01-28 17:14:46+00:00,Ascend 910C,700,105000000,87500000,122500000,20000,20000,3000000000
Q4 2025 Trainium2,Amazon,2025-10-01,2025-12-31,,335000,285000,390000,219891.0,187071.0,255992.0,https://colab.research.google.com/github/epoch-research/ai-chip-counts/blob/main/trainium_timelines.ipynb,Estimates generated on: 02-13-2026 14:27,Trainium2,Joshua You,2026-02-13 22:31:47+00:00,Trainium2,500,167500000,142500000,195000000,4000,4000,1340000000
FY25 Q4 - MI308X,AMD,2025-11-01,2025-12-31,,32500,30042,35546,21523.0,19841.0,23476.0,,"Date estimates were generated: 02-22-2026 15:29
",MI308X,Venkat S,2026-02-22 20:33:47+00:00,Instinct MI308X,750,24375000,22531500,26659500,12000,12000,390000000
2025 Q4 - Siyuan 590,Cambricon,2025-10-01,2025-12-31,,31995,29086,43630,8277.0,7525.0,11287.0,,Cambricon methodology: https://docs.google.com/document/d/1LmVwqNAxL33wipBo7boVf5TRJusubmiLmACy2m0E2ew/edit?usp=sharing; quarterly allocation proportional to reported quarterly revenue,Siyuan 590,Venkat S,2026-05-12 18:24:35+00:00,Siyuan 590,200,6399000,5817200,8726000,,,0
Q1 2026 - TPU v6e,Google,2026-01-01,2026-03-31,true,96321,28050,160772,89361.0,26023.0,149155.0,,Incomplete: based on Broadcom fiscal quarters ending 02/01/2026. Estimates generated on: 03-27-2026 18:13,TPU v6e,Joshua You,2026-03-31 18:17:40+00:00,TPU v6e,380,36601980,10659000,61093360,4300,4059,390966939
Q1 2026 - TPU v7,Google,2026-01-01,2026-03-31,true,115742,85024,153181,269852.0,198232.0,357139.0,,Incomplete: based on Broadcom fiscal quarters ending 02/01/2026. Estimates generated on: 03-27-2026 18:13,TPU v7,Joshua You,2026-03-31 18:17:41+00:00,TPU v7,960,111112320,81623040,147053760,13000,11737,1358463854
Q1 2026 - B200,Nvidia,2026-01-01,2026-03-31,,347290,296207,406782,877438.0,748375.0,1027746.0,,Estimates generated on: 06-03-2026 17:56,B200,Joshua You,2026-06-03 22:03:10+00:00,B200,1200,416748000,355448400,488138400,37000,37000,12849730000
Q1 2026 - B300,Nvidia,2026-01-01,2026-03-31,,992874,841132,1166624,2508524.0,2125144.0,2947508.0,,Estimates generated on: 06-03-2026 17:56,B300,Joshua You,2026-06-03 22:03:12+00:00,B300,1400,1390023600,1177584800,1633273600,43000,43000,42693582000
Q2 2026 - B200,Nvidia,2026-04-01,2026-06-30,true,90245,76971,105704,228006.0,194469.0,267064.0,,Incomplete: based on Nvidia fiscal quarters ending 4/26/2026. Estimates generated on: 06-03-2026 17:56,B200,Joshua You,2026-06-03 22:03:11+00:00,B200,1200,108294000,92365200,126844800,37000,37000,3339065000
Q2 2026 - B300,Nvidia,2026-04-01,2026-06-30,true,311796,264144,366360,787761.0,667367.0,925618.0,,Incomplete: based on Nvidia fiscal quarters ending 4/26/2026. Estimates generated on: 06-03-2026 17:56,B300,Joshua You,2026-06-03 22:03:13+00:00,B300,1400,436514400,369801600,512904000,43000,43000,13407228000
