Name,Chip manufacturer,Owner,Chip type,Start date,End date,Compute estimate in H100e (median),H100e (5th percentile),H100e (95th percentile),Number of Units,Number of Units (5th percentile),Number of Units (95th percentile),Source / Link,Notes,Incomplete,Total TDP (W),Total TDP (W) (5th percentile),Total TDP (W) (95th percentile)
Microsoft A100 Q1 2022,Nvidia,Microsoft,A100,2022-01-01,2022-03-31,14769,8717.0,24931.0,46839,27647.0,79068.0,,Estimates generated on: 04-15-2026 18:24,,18735986,11058944.0,31627543.0
Meta A100 Q1 2022,Nvidia,Meta,A100,2022-01-01,2022-03-31,7759,4573.0,13410.0,24610,14505.0,42530.0,,Estimates generated on: 04-15-2026 18:24,,9844087,5802148.0,17012155.0
Amazon A100 Q1 2022,Nvidia,Amazon,A100,2022-01-01,2022-03-31,5639,3345.0,9665.0,17885,10611.0,30654.0,,Estimates generated on: 04-15-2026 18:24,,7154176,4244469.0,12261904.0
Google A100 Q1 2022,Nvidia,Google,A100,2022-01-01,2022-03-31,5700,3369.0,9523.0,18078,10686.0,30202.0,,Estimates generated on: 04-15-2026 18:24,,7231236,4274522.0,12080901.0
China A100 Q1 2022,Nvidia,China,A100,2022-01-01,2022-03-31,9414,6099.0,14600.0,29857,19344.0,46304.0,,Estimates generated on: 04-15-2026 18:24,,11942924,7737889.0,18521977.0
Other A100 Q1 2022,Nvidia,Other,A100,2022-01-01,2022-03-31,17653,9763.0,32337.0,55987,30963.0,102557.0,,"Excludes Microsoft, Meta, Amazon, Google, Oracle, China, xAI, CoreWeave. Estimates generated on: 04-22-2026 11:57",,22395100,12385358.0,41023079.0
Microsoft A100 Q2 2022,Nvidia,Microsoft,A100,2022-04-01,2022-06-30,15913,9390.0,26871.0,50469,29782.0,85222.0,,Estimates generated on: 04-15-2026 18:24,,20187742,11912836.0,34089069.0
Meta A100 Q2 2022,Nvidia,Meta,A100,2022-04-01,2022-06-30,8288,4859.0,14151.0,26287,15411.0,44882.0,,Estimates generated on: 04-15-2026 18:24,,10515168,6164733.0,17953069.0
Amazon A100 Q2 2022,Nvidia,Amazon,A100,2022-04-01,2022-06-30,5990,3638.0,10211.0,18998,11540.0,32386.0,,Estimates generated on: 04-15-2026 18:24,,7599203,4616366.0,12954789.0
Google A100 Q2 2022,Nvidia,Google,A100,2022-04-01,2022-06-30,6007,3583.0,10135.0,19051,11363.0,32145.0,,Estimates generated on: 04-15-2026 18:24,,7620496,4545564.0,12858299.0
China A100 Q2 2022,Nvidia,China,A100,2022-04-01,2022-06-30,10060,6518.0,15602.0,31905,20671.0,49481.0,,Estimates generated on: 04-15-2026 18:24,,12762305,8268771.0,19792733.0
Other A100 Q2 2022,Nvidia,Other,A100,2022-04-01,2022-06-30,18505,10127.0,34192.0,58689,32117.0,108440.0,,"Excludes Microsoft, Meta, Amazon, Google, Oracle, China, xAI, CoreWeave. Estimates generated on: 04-22-2026 11:57",,23475956,12847087.0,43376062.0
Microsoft A100 Q3 2022,Nvidia,Microsoft,A100,2022-07-01,2022-09-30,15106,9000.0,25851.0,47908,28546.0,81986.0,,Estimates generated on: 04-15-2026 18:24,,19163444,11418563.0,32794470.0
Meta A100 Q3 2022,Nvidia,Meta,A100,2022-07-01,2022-09-30,7900,4703.0,13399.0,25057,14917.0,42497.0,,Estimates generated on: 04-15-2026 18:24,,10023041,5967095.0,16998986.0
Amazon A100 Q3 2022,Nvidia,Amazon,A100,2022-07-01,2022-09-30,5757,3446.0,9734.0,18259,10930.0,30871.0,,Estimates generated on: 04-15-2026 18:24,,7303911,4372225.0,12348535.0
Google A100 Q3 2022,Nvidia,Google,A100,2022-07-01,2022-09-30,5725,3419.0,9662.0,18158,10845.0,30643.0,,Estimates generated on: 04-15-2026 18:24,,7263210,4338157.0,12257441.0
China A100 Q3 2022,Nvidia,China,A100,2022-07-01,2022-09-30,3447,2233.0,5346.0,10934,7084.0,16957.0,,Estimates generated on: 04-15-2026 18:24,,4373646,2833710.0,6782976.0
Other A100 Q3 2022,Nvidia,Other,A100,2022-07-01,2022-09-30,24984,15817.0,39810.0,79238,50165.0,126258.0,,"Excludes Microsoft, Meta, Amazon, Google, Oracle, China, xAI, CoreWeave. Estimates generated on: 04-22-2026 11:57",,31695249,20066393.0,50503400.0
Microsoft H100/H200 Q3 2022,Nvidia,Microsoft,H100/H200,2022-07-01,2022-09-30,1342,778.0,2304.0,1342,778.0,2304.0,,Estimates generated on: 04-15-2026 18:24,,939505,544802.0,1612911.0
Meta H100/H200 Q3 2022,Nvidia,Meta,H100/H200,2022-07-01,2022-09-30,703,406.0,1214.0,703,406.0,1214.0,,Estimates generated on: 04-15-2026 18:24,,492146,284228.0,849929.0
Amazon H100/H200 Q3 2022,Nvidia,Amazon,H100/H200,2022-07-01,2022-09-30,514,296.0,876.0,514,296.0,876.0,,Estimates generated on: 04-15-2026 18:24,,360437,207698.0,613215.0
Google H100/H200 Q3 2022,Nvidia,Google,H100/H200,2022-07-01,2022-09-30,511,297.0,878.0,511,297.0,878.0,,Estimates generated on: 04-15-2026 18:24,,357809,208584.0,614854.0
Other H100/H200 Q3 2022,Nvidia,Other,H100/H200,2022-07-01,2022-09-30,2512,1711.0,3728.0,2512,1711.0,3728.0,,"Excludes Microsoft, Meta, Amazon, Google, Oracle, China, xAI, CoreWeave. Estimates generated on: 04-22-2026 11:57",,1758678,1197890.0,2609910.0
Microsoft A100 Q4 2022,Nvidia,Microsoft,A100,2022-10-01,2022-12-31,8676,5588.0,13837.0,27515,17723.0,43886.0,,Estimates generated on: 04-15-2026 18:24,,11006376,7089283.0,17554599.0
Meta A100 Q4 2022,Nvidia,Meta,A100,2022-10-01,2022-12-31,4562,2925.0,7245.0,14468,9277.0,22979.0,,Estimates generated on: 04-15-2026 18:24,,5787346,3711037.0,9191807.0
Amazon A100 Q4 2022,Nvidia,Amazon,A100,2022-10-01,2022-12-31,3303,2162.0,5196.0,10477,6858.0,16479.0,,Estimates generated on: 04-15-2026 18:24,,4190864,2743438.0,6591952.0
Google A100 Q4 2022,Nvidia,Google,A100,2022-10-01,2022-12-31,3311,2120.0,5177.0,10501,6726.0,16420.0,,Estimates generated on: 04-15-2026 18:24,,4200559,2690622.0,6568022.0
Other A100 Q4 2022,Nvidia,Other,A100,2022-10-01,2022-12-31,13647,9207.0,20393.0,43283,29202.0,64677.0,,"Excludes Microsoft, Meta, Amazon, Google, Oracle, China, xAI, CoreWeave. Estimates generated on: 04-22-2026 11:57",,17313239,11681121.0,25870901.0
China A800 Q4 2022,Nvidia,China,A800,2022-10-01,2022-12-31,8870,6784.0,11506.0,28132,21517.0,36492.0,,Estimates generated on: 04-15-2026 18:24,,11253021,8607136.0,14597107.0
Microsoft H100/H200 Q4 2022,Nvidia,Microsoft,H100/H200,2022-10-01,2022-12-31,8664,6235.0,12192.0,8664,6235.0,12192.0,,Estimates generated on: 04-15-2026 18:24,,6065441,4364857.0,8534726.0
Meta H100/H200 Q4 2022,Nvidia,Meta,H100/H200,2022-10-01,2022-12-31,4539,3228.0,6285.0,4539,3228.0,6285.0,,Estimates generated on: 04-15-2026 18:24,,3177818,2260259.0,4399818.0
Amazon H100/H200 Q4 2022,Nvidia,Amazon,H100/H200,2022-10-01,2022-12-31,3313,2357.0,4533.0,3313,2357.0,4533.0,,Estimates generated on: 04-15-2026 18:24,,2319476,1650005.0,3173207.0
Google H100/H200 Q4 2022,Nvidia,Google,H100/H200,2022-10-01,2022-12-31,3309,2366.0,4600.0,3309,2366.0,4600.0,,Estimates generated on: 04-15-2026 18:24,,2316512,1656711.0,3220536.0
Other H100/H200 Q4 2022,Nvidia,Other,H100/H200,2022-10-01,2022-12-31,10224,7126.0,14677.0,10224,7126.0,14677.0,,"Excludes Microsoft, Meta, Amazon, Google, Oracle, China, xAI, CoreWeave. Estimates generated on: 04-22-2026 11:57",,7157435,4988544.0,10274419.0
Microsoft A100 Q1 2023,Nvidia,Microsoft,A100,2023-01-01,2023-03-31,5061,3515.0,7280.0,16053,11150.0,23090.0,,Estimates generated on: 04-15-2026 18:24,,6421255,4460258.0,9236234.0
Meta A100 Q1 2023,Nvidia,Meta,A100,2023-01-01,2023-03-31,2649,1854.0,3840.0,8402,5880.0,12178.0,,Estimates generated on: 04-15-2026 18:24,,3360900,2352002.0,4871495.0
Amazon A100 Q1 2023,Nvidia,Amazon,A100,2023-01-01,2023-03-31,1930,1344.0,2790.0,6122,4265.0,8850.0,,Estimates generated on: 04-15-2026 18:24,,2448972,1706094.0,3540036.0
Google A100 Q1 2023,Nvidia,Google,A100,2023-01-01,2023-03-31,1929,1351.0,2762.0,6118,4286.0,8760.0,,Estimates generated on: 04-15-2026 18:24,,2447245,1714419.0,3504155.0
Other A100 Q1 2023,Nvidia,Other,A100,2023-01-01,2023-03-31,5840,3982.0,8493.0,18522,12631.0,26935.0,,"Excludes Microsoft, Meta, Amazon, Google, Oracle, China, xAI, CoreWeave. Estimates generated on: 04-22-2026 11:57",,7409079,5052467.0,10774205.0
China A800 Q1 2023,Nvidia,China,A800,2023-01-01,2023-03-31,9240,7067.0,11986.0,29306,22415.0,38015.0,,Estimates generated on: 04-15-2026 18:24,,11722611,8966313.0,15206246.0
Microsoft H100/H200 Q1 2023,Nvidia,Microsoft,H100/H200,2023-01-01,2023-03-31,15329,11223.0,20806.0,15329,11223.0,20806.0,,Estimates generated on: 04-15-2026 18:24,,10730582,7856138.0,14564895.0
Meta H100/H200 Q1 2023,Nvidia,Meta,H100/H200,2023-01-01,2023-03-31,8053,5903.0,10896.0,8053,5903.0,10896.0,,Estimates generated on: 04-15-2026 18:24,,5637491,4132524.0,7627463.0
Amazon H100/H200 Q1 2023,Nvidia,Amazon,H100/H200,2023-01-01,2023-03-31,5856,4292.0,7908.0,5856,4292.0,7908.0,,Estimates generated on: 04-15-2026 18:24,,4099425,3004827.0,5536013.0
Google H100/H200 Q1 2023,Nvidia,Google,H100/H200,2023-01-01,2023-03-31,5853,4312.0,7936.0,5853,4312.0,7936.0,,Estimates generated on: 04-15-2026 18:24,,4097694,3018703.0,5555287.0
Other H100/H200 Q1 2023,Nvidia,Other,H100/H200,2023-01-01,2023-03-31,12894,7783.0,20148.0,12894,7783.0,20148.0,,"Excludes Microsoft, Meta, Amazon, Google, Oracle, China, xAI, CoreWeave. Estimates generated on: 04-22-2026 11:57",,9026366,5448426.0,14104175.0
China H800 Q1 2023,Nvidia,China,H800,2023-01-01,2023-03-31,7342,5923.0,9136.0,7342,5923.0,9136.0,,Estimates generated on: 04-15-2026 18:24,,5139440,4146139.0,6395835.0
Microsoft A100 Q2 2023,Nvidia,Microsoft,A100,2023-04-01,2023-06-30,5518,3822.0,7938.0,17502,12124.0,25175.0,,Estimates generated on: 04-15-2026 18:24,,7000819,4849717.0,10070156.0
Meta A100 Q2 2023,Nvidia,Meta,A100,2023-04-01,2023-06-30,2891,2019.0,4226.0,9171,6405.0,13404.0,,Estimates generated on: 04-15-2026 18:24,,3668647,2562252.0,5361956.0
Amazon A100 Q2 2023,Nvidia,Amazon,A100,2023-04-01,2023-06-30,2114,1453.0,3070.0,6706,4610.0,9739.0,,Estimates generated on: 04-15-2026 18:24,,2682780,1844214.0,3895752.0
Google A100 Q2 2023,Nvidia,Google,A100,2023-04-01,2023-06-30,2104,1472.0,3008.0,6673,4670.0,9541.0,,Estimates generated on: 04-15-2026 18:24,,2669226,1868320.0,3816455.0
Other A100 Q2 2023,Nvidia,Other,A100,2023-04-01,2023-06-30,6406,4326.0,9481.0,20319,13721.0,30070.0,,"Excludes Microsoft, Meta, Amazon, Google, Oracle, China, xAI, CoreWeave. Estimates generated on: 04-22-2026 11:57",,8127602,5488737.0,12028076.0
China A800 Q2 2023,Nvidia,China,A800,2023-04-01,2023-06-30,8320,6363.0,10792.0,26386,20182.0,34228.0,,Estimates generated on: 04-15-2026 18:24,,10554765,8073058.0,13691348.0
Microsoft H100/H200 Q2 2023,Nvidia,Microsoft,H100/H200,2023-04-01,2023-06-30,40871,29807.0,56078.0,40871,29807.0,56078.0,,Estimates generated on: 04-15-2026 18:24,,28610326,20865456.0,39255286.0
Meta H100/H200 Q2 2023,Nvidia,Meta,H100/H200,2023-04-01,2023-06-30,21428,15705.0,29549.0,21428,15705.0,29549.0,,Estimates generated on: 04-15-2026 18:24,,14999917,10994127.0,20684933.0
Amazon H100/H200 Q2 2023,Nvidia,Amazon,H100/H200,2023-04-01,2023-06-30,15680,11318.0,21174.0,15680,11318.0,21174.0,,Estimates generated on: 04-15-2026 18:24,,10976199,7922749.0,14822276.0
Google H100/H200 Q2 2023,Nvidia,Google,H100/H200,2023-04-01,2023-06-30,15584,11444.0,21208.0,15584,11444.0,21208.0,,Estimates generated on: 04-15-2026 18:24,,10909149,8011379.0,14846025.0
Other H100/H200 Q2 2023,Nvidia,Other,H100/H200,2023-04-01,2023-06-30,38850,25130.0,59274.0,38850,25130.0,59274.0,,"Excludes Microsoft, Meta, Amazon, Google, Oracle, China, xAI, CoreWeave. Estimates generated on: 04-22-2026 11:57",,27195113,17591693.0,41492395.0
China H800 Q2 2023,Nvidia,China,H800,2023-04-01,2023-06-30,31916,25747.0,39718.0,31916,25747.0,39718.0,,Estimates generated on: 04-15-2026 18:24,,22341288,18023381.0,27802871.0
Microsoft A100 Q3 2023,Nvidia,Microsoft,A100,2023-07-01,2023-09-30,4719,3281.0,6790.0,14966,10406.0,21537.0,,Estimates generated on: 04-15-2026 18:24,,5986694,4162766.0,8614850.0
Meta A100 Q3 2023,Nvidia,Meta,A100,2023-07-01,2023-09-30,2462,1738.0,3576.0,7810,5514.0,11343.0,,Estimates generated on: 04-15-2026 18:24,,3124107,2205701.0,4537391.0
Amazon A100 Q3 2023,Nvidia,Amazon,A100,2023-07-01,2023-09-30,1801,1248.0,2618.0,5714,3961.0,8305.0,,Estimates generated on: 04-15-2026 18:24,,2285937,1584437.0,3322358.0
Google A100 Q3 2023,Nvidia,Google,A100,2023-07-01,2023-09-30,1803,1258.0,2550.0,5719,3990.0,8087.0,,Estimates generated on: 04-15-2026 18:24,,2287811,1596247.0,3235047.0
Other A100 Q3 2023,Nvidia,Other,A100,2023-07-01,2023-09-30,5460,3646.0,8083.0,17318,11564.0,25635.0,,"Excludes Microsoft, Meta, Amazon, Google, Oracle, China, xAI, CoreWeave. Estimates generated on: 04-22-2026 11:57",,6927362,4625970.0,10254162.0
China A800 Q3 2023,Nvidia,China,A800,2023-07-01,2023-09-30,8987,6874.0,11658.0,28505,21802.0,36976.0,,Estimates generated on: 04-15-2026 18:24,,11402071,8721140.0,14790450.0
Microsoft H100/H200 Q3 2023,Nvidia,Microsoft,H100/H200,2023-07-01,2023-09-30,70350,51999.0,95698.0,70350,51999.0,95698.0,,Estimates generated on: 04-15-2026 18:24,,49245435,36399656.0,66989295.0
Meta H100/H200 Q3 2023,Nvidia,Meta,H100/H200,2023-07-01,2023-09-30,36947,27399.0,50116.0,36947,27399.0,50116.0,,Estimates generated on: 04-15-2026 18:24,,25863261,19179845.0,35081541.0
Amazon H100/H200 Q3 2023,Nvidia,Amazon,H100/H200,2023-07-01,2023-09-30,26952,19722.0,36192.0,26952,19722.0,36192.0,,Estimates generated on: 04-15-2026 18:24,,18867058,13805730.0,25334606.0
Google H100/H200 Q3 2023,Nvidia,Google,H100/H200,2023-07-01,2023-09-30,26983,19797.0,36981.0,26983,19797.0,36981.0,,Estimates generated on: 04-15-2026 18:24,,18888174,13858401.0,25887132.0
Other H100/H200 Q3 2023,Nvidia,Other,H100/H200,2023-07-01,2023-09-30,67621,44160.0,101162.0,67621,44160.0,101162.0,,"Excludes Microsoft, Meta, Amazon, Google, Oracle, China, xAI, CoreWeave. Estimates generated on: 04-22-2026 11:57",,47335236,30912579.0,70813438.0
China H800 Q3 2023,Nvidia,China,H800,2023-07-01,2023-09-30,56333,45446.0,70105.0,56333,45446.0,70105.0,,Estimates generated on: 04-15-2026 18:24,,39433733,31812364.0,49073759.0
Microsoft A100 Q4 2023,Nvidia,Microsoft,A100,2023-10-01,2023-12-31,1289,875.0,1912.0,4091,2775.0,6064.0,,Estimates generated on: 04-15-2026 18:24,,1636420,1110130.0,2425825.0
Meta A100 Q4 2023,Nvidia,Meta,A100,2023-10-01,2023-12-31,677,463.0,1009.0,2148,1471.0,3200.0,,Estimates generated on: 04-15-2026 18:24,,859263,588479.0,1280259.0
Amazon A100 Q4 2023,Nvidia,Amazon,A100,2023-10-01,2023-12-31,492,334.0,727.0,1561,1061.0,2307.0,,Estimates generated on: 04-15-2026 18:24,,624652,424408.0,923192.0
Google A100 Q4 2023,Nvidia,Google,A100,2023-10-01,2023-12-31,497,336.0,724.0,1576,1068.0,2298.0,,Estimates generated on: 04-15-2026 18:24,,630774,427456.0,919337.0
Other A100 Q4 2023,Nvidia,Other,A100,2023-10-01,2023-12-31,1463,946.0,2259.0,4642,3002.0,7167.0,,"Excludes Microsoft, Meta, Amazon, Google, Oracle, China, xAI, CoreWeave. Estimates generated on: 04-22-2026 11:57",,1856950,1200989.0,2866937.0
China A800 Q4 2023,Nvidia,China,A800,2023-10-01,2023-12-31,2866,2192.0,3717.0,9089,6952.0,11791.0,,Estimates generated on: 04-15-2026 18:24,,3635977,2781062.0,4716489.0
Microsoft H100/H200 Q4 2023,Nvidia,Microsoft,H100/H200,2023-10-01,2023-12-31,97900,71734.0,132534.0,97900,71734.0,132534.0,,Estimates generated on: 04-15-2026 18:24,,68530695,50214423.0,92774478.0
Meta H100/H200 Q4 2023,Nvidia,Meta,H100/H200,2023-10-01,2023-12-31,51326,37790.0,70379.0,51326,37790.0,70379.0,,Estimates generated on: 04-15-2026 18:24,,35928586,26453200.0,49265511.0
Amazon H100/H200 Q4 2023,Nvidia,Amazon,H100/H200,2023-10-01,2023-12-31,37104,27260.0,50200.0,37104,27260.0,50200.0,,Estimates generated on: 04-15-2026 18:24,,25973042,19082096.0,35140377.0
Google H100/H200 Q4 2023,Nvidia,Google,H100/H200,2023-10-01,2023-12-31,37220,27275.0,50748.0,37220,27275.0,50748.0,,Estimates generated on: 04-15-2026 18:24,,26054408,19093154.0,35523945.0
Other H100/H200 Q4 2023,Nvidia,Other,H100/H200,2023-10-01,2023-12-31,149825,109417.0,199312.0,149825,109417.0,199312.0,,"Excludes Microsoft, Meta, Amazon, Google, Oracle, China, xAI, CoreWeave. Estimates generated on: 04-22-2026 11:57",,104877957,76592333.0,139518655.0
China H800 Q4 2023,Nvidia,China,H800,2023-10-01,2023-12-31,19838,16004.0,24688.0,19838,16004.0,24688.0,,Estimates generated on: 04-15-2026 18:24,,13886927,11202997.0,17281745.0
Microsoft H100/H200 Q1 2024,Nvidia,Microsoft,H100/H200,2024-01-01,2024-03-31,133814,98357.0,182616.0,133814,98357.0,182616.0,,Estimates generated on: 04-15-2026 18:24,,93670404,68850591.0,127831256.0
Meta H100/H200 Q1 2024,Nvidia,Meta,H100/H200,2024-01-01,2024-03-31,70854,51922.0,96503.0,70854,51922.0,96503.0,,Estimates generated on: 04-15-2026 18:24,,49598131,36345839.0,67552766.0
Amazon H100/H200 Q1 2024,Nvidia,Amazon,H100/H200,2024-01-01,2024-03-31,51234,37652.0,69201.0,51234,37652.0,69201.0,,Estimates generated on: 04-15-2026 18:24,,35864335,26356418.0,48441103.0
Google H100/H200 Q1 2024,Nvidia,Google,H100/H200,2024-01-01,2024-03-31,51219,37927.0,69497.0,51219,37927.0,69497.0,,Estimates generated on: 04-15-2026 18:24,,35853470,26549523.0,48648571.0
Other H100/H200 Q1 2024,Nvidia,Other,H100/H200,2024-01-01,2024-03-31,170716,119138.0,238485.0,170716,119138.0,238485.0,,"Excludes Microsoft, Meta, Amazon, Google, Oracle, China, xAI, CoreWeave. Estimates generated on: 04-22-2026 11:57",,119501363,83397023.0,166939896.0
China H20 Q1 2024,Nvidia,China,H20,2024-01-01,2024-03-31,20748,15963.0,26991.0,138719,106730.0,180461.0,,Estimates generated on: 04-15-2026 18:24,,55487848,42692016.0,72184467.0
Microsoft H100/H200 Q2 2024,Nvidia,Microsoft,H100/H200,2024-04-01,2024-06-30,163588,120362.0,222618.0,163588,120362.0,222618.0,,Estimates generated on: 04-15-2026 18:24,,114511841,84253682.0,155832860.0
Meta H100/H200 Q2 2024,Nvidia,Meta,H100/H200,2024-04-01,2024-06-30,86299,63366.0,116762.0,86299,63366.0,116762.0,,Estimates generated on: 04-15-2026 18:24,,60409461,44356674.0,81733786.0
Amazon H100/H200 Q2 2024,Nvidia,Amazon,H100/H200,2024-04-01,2024-06-30,62414,46316.0,84685.0,62414,46316.0,84685.0,,Estimates generated on: 04-15-2026 18:24,,43689936,32421449.0,59279519.0
Google H100/H200 Q2 2024,Nvidia,Google,H100/H200,2024-04-01,2024-06-30,62510,46086.0,83939.0,62510,46086.0,83939.0,,Estimates generated on: 04-15-2026 18:24,,43757136,32260257.0,58757406.0
Other H100/H200 Q2 2024,Nvidia,Other,H100/H200,2024-04-01,2024-06-30,181582,118002.0,265107.0,181582,118002.0,265107.0,,"Excludes Microsoft, Meta, Amazon, Google, Oracle, China, xAI, CoreWeave. Estimates generated on: 04-22-2026 11:57",,127107566,82601946.0,185575119.0
China H20 Q2 2024,Nvidia,China,H20,2024-04-01,2024-06-30,33363,25669.0,43403.0,223064,171624.0,290186.0,,Estimates generated on: 04-15-2026 18:24,,89225830,68649815.0,116074406.0
Microsoft H100/H200 Q3 2024,Nvidia,Microsoft,H100/H200,2024-07-01,2024-09-30,199913,146564.0,271303.0,199913,146564.0,271303.0,,Estimates generated on: 04-15-2026 18:24,,139939337,102595225.0,189912197.0
Meta H100/H200 Q3 2024,Nvidia,Meta,H100/H200,2024-07-01,2024-09-30,105203,76777.0,142152.0,105203,76777.0,142152.0,,Estimates generated on: 04-15-2026 18:24,,73642741,53744363.0,99506841.0
Amazon H100/H200 Q3 2024,Nvidia,Amazon,H100/H200,2024-07-01,2024-09-30,76628,56426.0,103707.0,76628,56426.0,103707.0,,Estimates generated on: 04-15-2026 18:24,,53639685,39498482.0,72595194.0
Google H100/H200 Q3 2024,Nvidia,Google,H100/H200,2024-07-01,2024-09-30,76345,56175.0,103574.0,76345,56175.0,103574.0,,Estimates generated on: 04-15-2026 18:24,,53441760,39323194.0,72502330.0
Other H100/H200 Q3 2024,Nvidia,Other,H100/H200,2024-07-01,2024-09-30,114289,37575.0,214463.0,114289,37575.0,214463.0,,"Excludes Microsoft, Meta, Amazon, Google, Oracle, China, xAI, CoreWeave. Estimates generated on: 04-22-2026 11:57",,80002874,26302624.0,150124545.0
China H20 Q3 2024,Nvidia,China,H20,2024-07-01,2024-09-30,40720,31329.0,52973.0,272247,209465.0,354167.0,,Estimates generated on: 04-15-2026 18:24,,108898844,83786114.0,141667145.0
Microsoft H100/H200 Q4 2024,Nvidia,Microsoft,H100/H200,2024-10-01,2024-12-31,181934,134921.0,248673.0,181934,134921.0,248673.0,,Estimates generated on: 04-15-2026 18:24,,127354325,94444700.0,174071129.0
Meta H100/H200 Q4 2024,Nvidia,Meta,H100/H200,2024-10-01,2024-12-31,100694,73974.0,135540.0,100694,73974.0,135540.0,,Estimates generated on: 04-15-2026 18:24,,70486077,51782354.0,94878462.0
Amazon H100/H200 Q4 2024,Nvidia,Amazon,H100/H200,2024-10-01,2024-12-31,81758,59981.0,109355.0,81758,59981.0,109355.0,,Estimates generated on: 04-15-2026 18:24,,57231269,41987110.0,76548672.0
Google H100/H200 Q4 2024,Nvidia,Google,H100/H200,2024-10-01,2024-12-31,70839,52036.0,95281.0,70839,52036.0,95281.0,,Estimates generated on: 04-15-2026 18:24,,49587652,36425309.0,66697268.0
Other H100/H200 Q4 2024,Nvidia,Other,H100/H200,2024-10-01,2024-12-31,102930,42920.0,188504.0,102930,42920.0,188504.0,,"Excludes Microsoft, Meta, Amazon, Google, Oracle, China, xAI, CoreWeave. Estimates generated on: 04-22-2026 11:57",,72051055,30044189.0,131952886.0
China H20 Q4 2024,Nvidia,China,H20,2024-10-01,2024-12-31,48517,37329.0,63116.0,324380,249576.0,421988.0,,Estimates generated on: 04-15-2026 18:24,,129752094,99830478.0,168795260.0
Microsoft B200 Q4 2024,Nvidia,Microsoft,B200,2024-10-01,2024-12-31,140011,101276.0,196157.0,55416,40085.0,77639.0,,Estimates generated on: 04-15-2026 18:24,,66499740,48102174.0,93167092.0
Meta B200 Q4 2024,Nvidia,Meta,B200,2024-10-01,2024-12-31,79051,57342.0,110301.0,31288,22696.0,43657.0,,Estimates generated on: 04-15-2026 18:24,,37546370,27235317.0,52388575.0
Amazon B200 Q4 2024,Nvidia,Amazon,B200,2024-10-01,2024-12-31,67138,48802.0,93548.0,26573,19315.0,37026.0,,Estimates generated on: 04-15-2026 18:24,,31888302,23179170.0,44431628.0
Google B200 Q4 2024,Nvidia,Google,B200,2024-10-01,2024-12-31,54834,39503.0,76060.0,21703,15635.0,30104.0,,Estimates generated on: 04-15-2026 18:24,,26044304,18762782.0,36125553.0
Other B200 Q4 2024,Nvidia,Other,B200,2024-10-01,2024-12-31,106019,62583.0,179118.0,41962,24770.0,70895.0,,"Excludes Microsoft, Meta, Amazon, Google, Oracle, China, xAI, CoreWeave. Estimates generated on: 04-22-2026 11:57",,50355158,29724488.0,85074358.0
Microsoft H100/H200 Q1 2025,Nvidia,Microsoft,H100/H200,2025-01-01,2025-03-31,87108,64717.0,118784.0,87108,64717.0,118784.0,,Estimates generated on: 04-15-2026 18:24,,60976124,45302312.0,83148870.0
Meta H100/H200 Q1 2025,Nvidia,Meta,H100/H200,2025-01-01,2025-03-31,51459,38146.0,69392.0,51459,38146.0,69392.0,,Estimates generated on: 04-15-2026 18:24,,36021552,26702635.0,48574795.0
Amazon H100/H200 Q1 2025,Nvidia,Amazon,H100/H200,2025-01-01,2025-03-31,43642,32201.0,58349.0,43642,32201.0,58349.0,,Estimates generated on: 04-15-2026 18:24,,30550057,22541219.0,40844798.0
Google H100/H200 Q1 2025,Nvidia,Google,H100/H200,2025-01-01,2025-03-31,35617,26273.0,47705.0,35617,26273.0,47705.0,,Estimates generated on: 04-15-2026 18:24,,24932337,18391226.0,33393513.0
Other H100/H200 Q1 2025,Nvidia,Other,H100/H200,2025-01-01,2025-03-31,0,0.0,0.0,0,0.0,0.0,,"Excludes Microsoft, Meta, Amazon, Google, Oracle, China, xAI, CoreWeave. Other may be artificially low due to xAI timing. Estimates generated on: 04-22-2026 11:57",,0,0.0,0.0
China H20 Q1 2025,Nvidia,China,H20,2025-01-01,2025-03-31,54096,41621.0,70374.0,361677,278272.0,470508.0,,Estimates generated on: 04-15-2026 18:24,,144670912,111308927.0,188203238.0
Microsoft B200 Q1 2025,Nvidia,Microsoft,B200,2025-01-01,2025-03-31,337397,246988.0,458850.0,133542,97757.0,181613.0,,Estimates generated on: 04-15-2026 18:24,,160250489,117309449.0,217935825.0
Meta B200 Q1 2025,Nvidia,Meta,B200,2025-01-01,2025-03-31,205526,151370.0,279848.0,81347,59912.0,110764.0,,Estimates generated on: 04-15-2026 18:24,,97617025,71894797.0,132917030.0
Amazon B200 Q1 2025,Nvidia,Amazon,B200,2025-01-01,2025-03-31,174184,128239.0,238276.0,68942,50757.0,94310.0,,Estimates generated on: 04-15-2026 18:24,,82730623,60908754.0,113172014.0
Google B200 Q1 2025,Nvidia,Google,B200,2025-01-01,2025-03-31,142080,103000.0,193896.0,56235,40767.0,76744.0,,Estimates generated on: 04-15-2026 18:24,,67482696,48920916.0,92093120.0
Other B200 Q1 2025,Nvidia,Other,B200,2025-01-01,2025-03-31,264494,155518.0,436299.0,104686,61554.0,172687.0,,"Excludes Microsoft, Meta, Amazon, Google, Oracle, China, xAI, CoreWeave. Estimates generated on: 04-22-2026 11:57",,125624192,73864835.0,207224609.0
Microsoft H100/H200 Q2 2025,Nvidia,Microsoft,H100/H200,2025-04-01,2025-06-30,54709,40516.0,75013.0,54709,40516.0,75013.0,,Estimates generated on: 04-15-2026 18:24,,38296604,28361215.0,52509686.0
Meta H100/H200 Q2 2025,Nvidia,Meta,H100/H200,2025-04-01,2025-06-30,32856,24233.0,44458.0,32856,24233.0,44458.0,,Estimates generated on: 04-15-2026 18:24,,22999880,16963282.0,31120905.0
Amazon H100/H200 Q2 2025,Nvidia,Amazon,H100/H200,2025-04-01,2025-06-30,27804,20657.0,37205.0,27804,20657.0,37205.0,,Estimates generated on: 04-15-2026 18:24,,19463403,14460204.0,26044195.0
Google H100/H200 Q2 2025,Nvidia,Google,H100/H200,2025-04-01,2025-06-30,22842,16883.0,30634.0,22842,16883.0,30634.0,,Estimates generated on: 04-15-2026 18:24,,15989687,11818716.0,21444021.0
Other H100/H200 Q2 2025,Nvidia,Other,H100/H200,2025-04-01,2025-06-30,53171,33465.0,80977.0,53171,33465.0,80977.0,,"Excludes Microsoft, Meta, Amazon, Google, Oracle, China, xAI, CoreWeave. Estimates generated on: 04-22-2026 11:57",,37220201,23425631.0,56684102.0
China H20 Q2 2025,Nvidia,China,H20,2025-04-01,2025-06-30,22838,17571.0,29710.0,152692,117480.0,198638.0,,Estimates generated on: 04-15-2026 18:24,,61077111,46992361.0,79455572.0
Microsoft B200 Q2 2025,Nvidia,Microsoft,B200,2025-04-01,2025-06-30,266805,198384.0,361958.0,105601,78520.0,143263.0,,Estimates generated on: 04-15-2026 18:24,,126721758,94224718.0,171915631.0
Meta B200 Q2 2025,Nvidia,Meta,B200,2025-04-01,2025-06-30,160952,119672.0,215638.0,63704,47366.0,85349.0,,Estimates generated on: 04-15-2026 18:24,,76445950,56839708.0,102419885.0
Amazon B200 Q2 2025,Nvidia,Amazon,B200,2025-04-01,2025-06-30,136235,101234.0,182689.0,53921,40068.0,72308.0,,Estimates generated on: 04-15-2026 18:24,,64706243,48082271.0,86769979.0
Google B200 Q2 2025,Nvidia,Google,B200,2025-04-01,2025-06-30,111430,82933.0,150442.0,44104,32825.0,59545.0,,Estimates generated on: 04-15-2026 18:24,,52924864,39390243.0,71454050.0
Other B200 Q2 2025,Nvidia,Other,B200,2025-04-01,2025-06-30,251597,160205.0,379973.0,99582,63409.0,150393.0,,"Excludes Microsoft, Meta, Amazon, Google, Oracle, China, xAI, CoreWeave. Estimates generated on: 04-22-2026 11:57",,119498668,76091388.0,180472423.0
Microsoft B300 Q2 2025,Nvidia,Microsoft,B300,2025-04-01,2025-06-30,127497,91709.0,178416.0,50463,36298.0,70617.0,,Estimates generated on: 04-15-2026 18:24,,70649119,50818024.0,98864206.0
Meta B300 Q2 2025,Nvidia,Meta,B300,2025-04-01,2025-06-30,75304,54432.0,104822.0,29805,21544.0,41488.0,,Estimates generated on: 04-15-2026 18:24,,41727933,30162260.0,58084139.0
Amazon B300 Q2 2025,Nvidia,Amazon,B300,2025-04-01,2025-06-30,63523,45890.0,88099.0,25142,18163.0,34869.0,,Estimates generated on: 04-15-2026 18:24,,35199806,25428781.0,48817497.0
Google B300 Q2 2025,Nvidia,Google,B300,2025-04-01,2025-06-30,52400,37348.0,72220.0,20740,14782.0,28584.0,,Estimates generated on: 04-15-2026 18:24,,29036163,20695287.0,40018844.0
Other B300 Q2 2025,Nvidia,Other,B300,2025-04-01,2025-06-30,158491,110175.0,228353.0,62730,43607.0,90382.0,,"Excludes Microsoft, Meta, Amazon, Google, Oracle, China, xAI, CoreWeave. Estimates generated on: 04-22-2026 11:57",,87823123,61050227.0,126535278.0
Microsoft H100/H200 Q3 2025,Nvidia,Microsoft,H100/H200,2025-07-01,2025-09-30,29013,21392.0,39145.0,29013,21392.0,39145.0,,Estimates generated on: 04-15-2026 18:24,,20309778,14974658.0,27401523.0
Meta H100/H200 Q3 2025,Nvidia,Meta,H100/H200,2025-07-01,2025-09-30,17482,12981.0,23709.0,17482,12981.0,23709.0,,Estimates generated on: 04-15-2026 18:24,,12237504,9087091.0,16596980.0
Amazon H100/H200 Q3 2025,Nvidia,Amazon,H100/H200,2025-07-01,2025-09-30,14178,10502.0,18919.0,14178,10502.0,18919.0,,Estimates generated on: 04-15-2026 18:24,,9925075,7351586.0,13243718.0
Google H100/H200 Q3 2025,Nvidia,Google,H100/H200,2025-07-01,2025-09-30,11540,8580.0,15431.0,11540,8580.0,15431.0,,Estimates generated on: 04-15-2026 18:24,,8078124,6006620.0,10802003.0
Other H100/H200 Q3 2025,Nvidia,Other,H100/H200,2025-07-01,2025-09-30,26500,13068.0,42906.0,26500,13068.0,42906.0,,"Excludes Microsoft, Meta, Amazon, Google, Oracle, China, xAI, CoreWeave. Estimates generated on: 04-22-2026 11:57",,18550277,9148232.0,30034574.0
China H20 Q3 2025,Nvidia,China,H20,2025-07-01,2025-09-30,2560,1969.0,3330.0,17117,13170.0,22268.0,,Estimates generated on: 04-15-2026 18:24,,6847004,5268044.0,8907308.0
Microsoft B200 Q3 2025,Nvidia,Microsoft,B200,2025-07-01,2025-09-30,196563,144330.0,263835.0,77799,57125.0,104425.0,,Estimates generated on: 04-15-2026 18:24,,93359701,68551198.0,125311084.0
Meta B200 Q3 2025,Nvidia,Meta,B200,2025-07-01,2025-09-30,119969,89019.0,162479.0,47483,35233.0,64309.0,,Estimates generated on: 04-15-2026 18:24,,56980508,42280517.0,77171415.0
Amazon B200 Q3 2025,Nvidia,Amazon,B200,2025-07-01,2025-09-30,94740,70294.0,127963.0,37498,27822.0,50647.0,,Estimates generated on: 04-15-2026 18:24,,44997951,33387272.0,60777488.0
Google B200 Q3 2025,Nvidia,Google,B200,2025-07-01,2025-09-30,76701,57055.0,103338.0,30358,22582.0,40901.0,,Estimates generated on: 04-15-2026 18:24,,36430296,27098902.0,49081503.0
Other B200 Q3 2025,Nvidia,Other,B200,2025-07-01,2025-09-30,0,0.0,0.0,0,0.0,0.0,,"Excludes Microsoft, Meta, Amazon, Google, Oracle, China, xAI, CoreWeave. Other may be artificially low due to xAI timing. Estimates generated on: 04-22-2026 11:57",,0,0.0,0.0
Microsoft B300 Q3 2025,Nvidia,Microsoft,B300,2025-07-01,2025-09-30,305068,221100.0,416858.0,120746,87511.0,164992.0,,Estimates generated on: 04-15-2026 18:24,,169044762,122516022.0,230989843.0
Meta B300 Q3 2025,Nvidia,Meta,B300,2025-07-01,2025-09-30,186717,136126.0,256166.0,73902,53878.0,101390.0,,Estimates generated on: 04-15-2026 18:24,,103464025,75430450.0,141947155.0
Amazon B300 Q3 2025,Nvidia,Amazon,B300,2025-07-01,2025-09-30,145507,106468.0,199562.0,57591,42140.0,78986.0,,Estimates generated on: 04-15-2026 18:24,,80628482,58996452.0,110581745.0
Google B300 Q3 2025,Nvidia,Google,B300,2025-07-01,2025-09-30,117619,86119.0,159551.0,46553,34086.0,63150.0,,Estimates generated on: 04-15-2026 18:24,,65175215,47720445.0,88410656.0
Other B300 Q3 2025,Nvidia,Other,B300,2025-07-01,2025-09-30,434219,309493.0,597493.0,171864,122497.0,236487.0,,"Excludes Microsoft, Meta, Amazon, Google, Oracle, China, xAI, CoreWeave. Estimates generated on: 04-22-2026 11:57",,240609645,171496457.0,331082956.0
Microsoft H100/H200 Q4 2025,Nvidia,Microsoft,H100/H200,2025-10-01,2025-12-31,5143,3653.0,7112.0,5143,3653.0,7112.0,,Estimates generated on: 04-15-2026 18:24,,3600470,2557254.0,4978532.0
Meta H100/H200 Q4 2025,Nvidia,Meta,H100/H200,2025-10-01,2025-12-31,3156,2267.0,4406.0,3156,2267.0,4406.0,,Estimates generated on: 04-15-2026 18:24,,2209459,1587382.0,3084754.0
Amazon H100/H200 Q4 2025,Nvidia,Amazon,H100/H200,2025-10-01,2025-12-31,2431,1744.0,3381.0,2431,1744.0,3381.0,,Estimates generated on: 04-15-2026 18:24,,1702244,1221410.0,2367287.0
Google H100/H200 Q4 2025,Nvidia,Google,H100/H200,2025-10-01,2025-12-31,1941,1408.0,2711.0,1941,1408.0,2711.0,,Estimates generated on: 04-15-2026 18:24,,1359178,986015.0,1898127.0
Other H100/H200 Q4 2025,Nvidia,Other,H100/H200,2025-10-01,2025-12-31,243,0.0,11111.0,243,0.0,11111.0,,"Excludes Microsoft, Meta, Amazon, Google, Oracle, China, xAI, CoreWeave. Estimates generated on: 04-22-2026 11:57",,170409,0.0,7778107.0
Microsoft B200 Q4 2025,Nvidia,Microsoft,B200,2025-10-01,2025-12-31,214587,158184.0,291178.0,84933,62609.0,115248.0,,Estimates generated on: 04-15-2026 18:24,,101920583,75131393.0,138298084.0
Meta B200 Q4 2025,Nvidia,Meta,B200,2025-10-01,2025-12-31,135474,99871.0,184244.0,53620,39529.0,72924.0,,Estimates generated on: 04-15-2026 18:24,,64345040,47434977.0,87508957.0
Amazon B200 Q4 2025,Nvidia,Amazon,B200,2025-10-01,2025-12-31,93353,69226.0,127010.0,36949,27399.0,50270.0,,Estimates generated on: 04-15-2026 18:24,,44338971,32879922.0,60325103.0
Google B200 Q4 2025,Nvidia,Google,B200,2025-10-01,2025-12-31,79898,59070.0,108129.0,31623,23380.0,42797.0,,Estimates generated on: 04-15-2026 18:24,,37948791,28056241.0,51356987.0
Other B200 Q4 2025,Nvidia,Other,B200,2025-10-01,2025-12-31,305528,203539.0,429175.0,120928,80561.0,169867.0,,"Excludes Microsoft, Meta, Amazon, Google, Oracle, China, xAI, CoreWeave. Estimates generated on: 04-22-2026 11:57",,145113875,96673290.0,203841017.0
Microsoft B300 Q4 2025,Nvidia,Microsoft,B300,2025-10-01,2025-12-31,382905,284766.0,519035.0,151553,112710.0,205434.0,,Estimates generated on: 04-15-2026 18:24,,212175557,157794644.0,287607864.0
Meta B300 Q4 2025,Nvidia,Meta,B300,2025-10-01,2025-12-31,241727,176685.0,328075.0,95675,69932.0,129852.0,,Estimates generated on: 04-15-2026 18:24,,133946000,97905207.0,181792945.0
Amazon B300 Q4 2025,Nvidia,Amazon,B300,2025-10-01,2025-12-31,166781,122952.0,226247.0,66012,48664.0,89548.0,,Estimates generated on: 04-15-2026 18:24,,92417175,68130381.0,125367993.0
Google B300 Q4 2025,Nvidia,Google,B300,2025-10-01,2025-12-31,142791,105377.0,193127.0,56516,41708.0,76439.0,,Estimates generated on: 04-15-2026 18:24,,79123582,58391543.0,107015628.0
Other B300 Q4 2025,Nvidia,Other,B300,2025-10-01,2025-12-31,548470,378109.0,759812.0,217084,149655.0,300733.0,,"Excludes Microsoft, Meta, Amazon, Google, Oracle, China, xAI, CoreWeave. Estimates generated on: 04-22-2026 11:57",,303918257,209517964.0,421027405.0
Microsoft B200 Q1 2026,Nvidia,Microsoft,B200,2026-01-01,2026-03-31,61022,44101.0,84357.0,24152,17455.0,33388.0,,Incomplete: based on Nvidia fiscal quarters ending 1/25/2026. Estimates generated on: 04-15-2026 18:24,true,28983209,20946309.0,40066280.0
Meta B200 Q1 2026,Nvidia,Meta,B200,2026-01-01,2026-03-31,38655,27736.0,53528.0,15299,10978.0,21186.0,,Incomplete: based on Nvidia fiscal quarters ending 1/25/2026. Estimates generated on: 04-15-2026 18:24,true,18359680,13173787.0,25423698.0
Amazon B200 Q1 2026,Nvidia,Amazon,B200,2026-01-01,2026-03-31,25703,18625.0,35707.0,10173,7372.0,14132.0,,Incomplete: based on Nvidia fiscal quarters ending 1/25/2026. Estimates generated on: 04-15-2026 18:24,true,12208175,8846602.0,16959454.0
Google B200 Q1 2026,Nvidia,Google,B200,2026-01-01,2026-03-31,22508,16220.0,31194.0,8908,6419.0,12346.0,,Incomplete: based on Nvidia fiscal quarters ending 1/25/2026. Estimates generated on: 04-15-2026 18:24,true,10690768,7703938.0,14815978.0
Other B200 Q1 2026,Nvidia,Other,B200,2026-01-01,2026-03-31,131780,102642.0,169277.0,52158,40626.0,67000.0,,"Excludes Microsoft, Meta, Amazon, Google, Oracle, China, xAI, CoreWeave. Incomplete: based on Nvidia fiscal quarters ending 1/25/2026. Estimates generated on: 04-22-2026 11:57",true,62590290,48751285.0,80400228.0
Microsoft B300 Q1 2026,Nvidia,Microsoft,B300,2026-01-01,2026-03-31,106774,77278.0,148822.0,42261,30586.0,58903.0,,Incomplete: based on Nvidia fiscal quarters ending 1/25/2026. Estimates generated on: 04-15-2026 18:24,true,59165897,42821585.0,82465519.0
Meta B300 Q1 2026,Nvidia,Meta,B300,2026-01-01,2026-03-31,67943,48533.0,94089.0,26892,19209.0,37240.0,,Incomplete: based on Nvidia fiscal quarters ending 1/25/2026. Estimates generated on: 04-15-2026 18:24,true,37648856,26893282.0,52136837.0
Amazon B300 Q1 2026,Nvidia,Amazon,B300,2026-01-01,2026-03-31,44961,32511.0,62697.0,17795,12868.0,24815.0,,Incomplete: based on Nvidia fiscal quarters ending 1/25/2026. Estimates generated on: 04-15-2026 18:24,true,24914276,18015511.0,34741944.0
Google B300 Q1 2026,Nvidia,Google,B300,2026-01-01,2026-03-31,39534,28228.0,54959.0,15647,11172.0,21752.0,,Incomplete: based on Nvidia fiscal quarters ending 1/25/2026. Estimates generated on: 04-15-2026 18:24,true,21906766,15642134.0,30454130.0
Other B300 Q1 2026,Nvidia,Other,B300,2026-01-01,2026-03-31,229753,166672.0,303745.0,90936,65968.0,120222.0,,"Excludes Microsoft, Meta, Amazon, Google, Oracle, China, xAI, CoreWeave. Incomplete: based on Nvidia fiscal quarters ending 1/25/2026. Estimates generated on: 04-22-2026 11:57",true,127310756,92356302.0,168311254.0
Google TPU v4 Q4 2022,Google,Google,TPU v4,2022-10-01,2022-12-31,9166,6702.0,12238.0,65964,48232.0,88073.0,,Incomplete: based on Broadcom fiscal quarters beginning 10/31/2022. Estimates generated on: 04-03-2026 14:15,true,22427885,16399130.0,29944974.0
Google TPU v4i Q4 2022,Google,Google,TPU v4i,2022-10-01,2022-12-31,1426,871.0,2171.0,20461,12498.0,31147.0,,Incomplete: based on Broadcom fiscal quarters beginning 10/31/2022. Estimates generated on: 04-03-2026 14:15,true,3580681,2187244.0,5450780.0
Google TPU v5e Q4 2022,Google,Google,TPU v5e,2022-10-01,2022-12-31,3114,1930.0,4713.0,15683,9723.0,23737.0,,Incomplete: based on Broadcom fiscal quarters beginning 10/31/2022. Estimates generated on: 04-03-2026 14:15,true,3528824,2187682.0,5340917.0
Google TPU v4 Q1 2023,Google,Google,TPU v4,2023-01-01,2023-03-31,16477,12042.0,21758.0,118575,86662.0,156584.0,,Estimates generated on: 04-03-2026 14:15,,40315595,29465364.0,53238607.0
Google TPU v4i Q1 2023,Google,Google,TPU v4i,2023-01-01,2023-03-31,667,407.0,1015.0,9570,5846.0,14568.0,,Estimates generated on: 04-03-2026 14:15,,1674834,1023066.0,2549558.0
Google TPU v5e Q1 2023,Google,Google,TPU v5e,2023-01-01,2023-03-31,7794,4192.0,12242.0,39247,21110.0,61648.0,,Estimates generated on: 04-03-2026 14:15,,8830739,4749784.0,13870984.0
Google TPU v4 Q2 2023,Google,Google,TPU v4,2023-04-01,2023-06-30,9121,5993.0,12674.0,65639,43131.0,91210.0,,Estimates generated on: 04-03-2026 14:15,,22317426,14664741.0,31011420.0
Google TPU v5e Q2 2023,Google,Google,TPU v5e,2023-04-01,2023-06-30,23926,16873.0,33170.0,120483,84968.0,167034.0,,Estimates generated on: 04-03-2026 14:15,,27108860,19117821.0,37582670.0
Google TPU v4 Q3 2023,Google,Google,TPU v4,2023-07-01,2023-09-30,1548,446.0,2657.0,11144,3210.0,19122.0,,Estimates generated on: 04-03-2026 14:15,,3789064,1091522.0,6501747.0
Google TPU v5e Q3 2023,Google,Google,TPU v5e,2023-07-01,2023-09-30,49816,36379.0,66003.0,250855,183193.0,332368.0,,Estimates generated on: 04-03-2026 14:15,,56442519,41218618.0,74782869.0
Google TPU v5e Q4 2023,Google,Google,TPU v5e,2023-10-01,2023-12-31,77765,56946.0,101500.0,391599,286763.0,511118.0,,Estimates generated on: 04-03-2026 14:15,,88109936,64521801.0,115001685.0
Google TPU v5p Q4 2023,Google,Google,TPU v5p,2023-10-01,2023-12-31,6690,3377.0,10431.0,14422,7281.0,22488.0,,Estimates generated on: 04-03-2026 14:15,,7788376,3931784.0,12143674.0
Google TPU v5e Q1 2024,Google,Google,TPU v5e,2024-01-01,2024-03-31,83438,61383.0,110828.0,420167,309102.0,558092.0,,Estimates generated on: 04-03-2026 14:15,,94537640,69548102.0,125570825.0
Google TPU v5p Q1 2024,Google,Google,TPU v5p,2024-01-01,2024-03-31,39012,28238.0,50975.0,84102,60876.0,109891.0,,Estimates generated on: 04-03-2026 14:15,,45415386,32873430.0,59341561.0
Google TPU v5e Q2 2024,Google,Google,TPU v5e,2024-04-01,2024-06-30,75260,52437.0,103241.0,378982,264056.0,519884.0,,Estimates generated on: 04-03-2026 14:15,,85271079,59412804.0,116973936.0
Google TPU v5p Q2 2024,Google,Google,TPU v5p,2024-04-01,2024-06-30,67652,47679.0,90714.0,145842,102785.0,195560.0,,Estimates generated on: 04-03-2026 14:15,,78755134,55504347.0,105602557.0
Google TPU v5e Q3 2024,Google,Google,TPU v5e,2024-07-01,2024-09-30,72024,47113.0,103098.0,362687,237248.0,519166.0,,Estimates generated on: 04-03-2026 14:15,,81604625,53380817.0,116812428.0
Google TPU v5p Q3 2024,Google,Google,TPU v5p,2024-07-01,2024-09-30,74743,50890.0,103938.0,161129,109709.0,224067.0,,Estimates generated on: 04-03-2026 14:15,,87010128,59242955.0,120996481.0
Google TPU v6e Q3 2024,Google,Google,TPU v6e,2024-07-01,2024-09-30,37476,15596.0,66828.0,40395,16810.0,72034.0,,Estimates generated on: 04-03-2026 14:15,,15350327,6388146.0,27372949.0
Google TPU v5e Q4 2024,Google,Google,TPU v5e,2024-10-01,2024-12-31,60657,40594.0,85509.0,305446,204416.0,430592.0,,Estimates generated on: 04-03-2026 14:15,,68725500,45993802.0,96883232.0
Google TPU v5p Q4 2024,Google,Google,TPU v5p,2024-10-01,2024-12-31,62979,43836.0,85859.0,135768,94501.0,185094.0,,Estimates generated on: 04-03-2026 14:15,,73315033,51030669.0,99951040.0
Google TPU v6e Q4 2024,Google,Google,TPU v6e,2024-10-01,2024-12-31,161929,115835.0,217558.0,174541,124857.0,234502.0,,Estimates generated on: 04-03-2026 14:15,,66325920,47445961.0,89111100.0
Google TPU v5e Q1 2025,Google,Google,TPU v5e,2025-01-01,2025-03-31,19243,12215.0,28075.0,96905,61513.0,141379.0,,Estimates generated on: 04-03-2026 14:15,,21803707,13840584.0,31810312.0
Google TPU v5p Q1 2025,Google,Google,TPU v5p,2025-01-01,2025-03-31,44890,25192.0,65720.0,96774,54310.0,141678.0,,Estimates generated on: 04-03-2026 14:15,,52258355,29327497.0,76506564.0
Google TPU v6e Q1 2025,Google,Google,TPU v6e,2025-01-01,2025-03-31,379409,283354.0,483002.0,408960,305423.0,520621.0,,Estimates generated on: 04-03-2026 14:15,,155404973,116061073.0,197836233.0
Google TPU v5p Q2 2025,Google,Google,TPU v5p,2025-04-01,2025-06-30,14771,4200.0,25011.0,31843,9056.0,53920.0,,Estimates generated on: 04-03-2026 14:15,,17195427,4890383.0,29116909.0
Google TPU v6e Q2 2025,Google,Google,TPU v6e,2025-04-01,2025-06-30,617758,475187.0,760675.0,665874,512198.0,819921.0,,Estimates generated on: 04-03-2026 14:15,,253032190,194635450.0,311570227.0
Google TPU v6e Q3 2025,Google,Google,TPU v6e,2025-07-01,2025-09-30,686179,519561.0,860258.0,739624,560028.0,927261.0,,Estimates generated on: 04-03-2026 14:15,,281057125,212810949.0,352359211.0
Google TPU v7 Q3 2025,Google,Google,TPU v7,2025-07-01,2025-09-30,120224,55212.0,185567.0,51565,23681.0,79592.0,,Estimates generated on: 04-03-2026 14:15,,49503298,22734040.0,76408592.0
Google TPU v6e Q4 2025,Google,Google,TPU v6e,2025-10-01,2025-12-31,402638,264211.0,554589.0,433998,284790.0,597784.0,,Estimates generated on: 04-03-2026 14:15,,164919495,108220273.0,227158058.0
Google TPU v7 Q4 2025,Google,Google,TPU v7,2025-10-01,2025-12-31,566033,419108.0,742035.0,242778,179760.0,318268.0,,Estimates generated on: 04-03-2026 14:15,,233067372,172570350.0,305537362.0
Google TPU v6e Q1 2026,Google,Google,TPU v6e,2026-01-01,2026-03-31,89361,26023.0,149155.0,96321,28050.0,160772.0,,Incomplete: based on Broadcom fiscal quarters ending 2/1/2026. Estimates generated on: 04-03-2026 14:15,true,36602319,10659205.0,61093460.0
Google TPU v7 Q1 2026,Google,Google,TPU v7,2026-01-01,2026-03-31,269852,198232.0,357139.0,115742,85024.0,153181.0,,Incomplete: based on Broadcom fiscal quarters ending 2/1/2026. Estimates generated on: 04-03-2026 14:15,true,111113144,81623239.0,147053996.0
Amazon Trainium1 Q1 2024,Amazon,Amazon,Trainium1,2024-01-01,2024-03-31,23711,10551.0,53138.0,111726,49718.0,250385.0,,Estimates generated on: 03-19-2026 16:00,,33000000,15000000.0,75000000.0
Amazon Trainium1 Q2 2024,Amazon,Amazon,Trainium1,2024-04-01,2024-06-30,23711,10551.0,53138.0,111726,49718.0,250385.0,,Estimates generated on: 03-19-2026 16:00,,33000000,15000000.0,75000000.0
Amazon Trainium1 Q3 2024,Amazon,Amazon,Trainium1,2024-07-01,2024-09-30,23711,10551.0,53138.0,111726,49718.0,250385.0,,Estimates generated on: 03-19-2026 16:00,,33000000,15000000.0,75000000.0
Amazon Trainium1 Q4 2024,Amazon,Amazon,Trainium1,2024-10-01,2024-12-31,23711,10551.0,53138.0,111726,49718.0,250385.0,,Estimates generated on: 03-19-2026 16:00,,33000000,15000000.0,75000000.0
Amazon Trainium2 Q1 2024,Amazon,Amazon,Trainium2,2024-01-01,2024-03-31,8437,4422.0,15114.0,12854,6737.0,23025.0,,Estimates generated on: 03-19-2026 16:00,,7500000,2500000.0,12500000.0
Amazon Trainium2 Q2 2024,Amazon,Amazon,Trainium2,2024-04-01,2024-06-30,20712,12576.0,31534.0,31555,19160.0,48041.0,,Estimates generated on: 03-19-2026 16:00,,15000000,10000000.0,25000000.0
Amazon Trainium2 Q3 2024,Amazon,Amazon,Trainium2,2024-07-01,2024-09-30,50944,33420.0,70037.0,77612,50914.0,106700.0,,Estimates generated on: 03-19-2026 16:00,,40000000,25000000.0,52500000.0
Amazon Trainium2 Q4 2024,Amazon,Amazon,Trainium2,2024-10-01,2024-12-31,124230,81568.0,173823.0,189262,124267.0,264816.0,,Estimates generated on: 03-19-2026 16:00,,95000000,62500000.0,132500000.0
Amazon Trainium2 Q1 2025,Amazon,Amazon,Trainium2,2025-01-01,2025-03-31,139457,117698.0,163671.0,212460,179311.0,249349.0,,Estimates generated on: 03-19-2026 16:00,,105000000,90000000.0,125000000.0
Amazon Trainium2 Q2 2025,Amazon,Amazon,Trainium2,2025-04-01,2025-06-30,162461,139488.0,186759.0,247506,212508.0,284524.0,,Estimates generated on: 03-19-2026 16:00,,125000000,107500000.0,142500000.0
Amazon Trainium2 Q3 2025,Amazon,Amazon,Trainium2,2025-07-01,2025-09-30,188969,163296.0,216518.0,287890,248779.0,329862.0,,Estimates generated on: 03-19-2026 16:00,,145000000,125000000.0,165000000.0
Amazon Trainium2 Q4 2025,Amazon,Amazon,Trainium2,2025-10-01,2025-12-31,219913,187486.0,255263.0,335033,285632.0,388888.0,,Estimates generated on: 03-19-2026 16:00,,167500000,142500000.0,195000000.0
Other Instinct MI300A FY24 Q1,AMD,Other,Instinct MI300A,2024-01-01,2024-03-31,3530,1109.0,6293.0,3562,1119.0,6350.0,,"Excludes Microsoft, Meta, Oracle, China. Estimates generated on: 04-03-2026 12:25",,2707195,851181.0,4826287.0
Other Instinct MI250X FY24 Q1,AMD,Other,Instinct MI250X,2024-01-01,2024-03-31,5879,3954.0,8280.0,30379,20431.0,42785.0,,"Excludes Microsoft, Meta, Oracle, China. Estimates generated on: 04-03-2026 12:25",,15189724,10215827.0,21392953.0
Microsoft Instinct MI300X FY24 Q1,AMD,Microsoft,Instinct MI300X,2024-01-01,2024-03-31,11166,7566.0,16244.0,8450,5726.0,12293.0,,Estimates generated on: 04-03-2026 12:25,,6338081,4294970.0,9220389.0
Meta Instinct MI300X FY24 Q1,AMD,Meta,Instinct MI300X,2024-01-01,2024-03-31,17633,11667.0,26496.0,13345,8829.0,20053.0,,Estimates generated on: 04-03-2026 12:25,,10009069,6622443.0,15039991.0
Other Instinct MI300X FY24 Q1,AMD,Other,Instinct MI300X,2024-01-01,2024-03-31,11866,5933.0,19608.0,8980,4490.0,14840.0,,"Excludes Microsoft, Meta, Oracle, China. Estimates generated on: 04-03-2026 12:25",,6735469,3367740.0,11130052.0
Other Instinct MI300A FY24 Q2,AMD,Other,Instinct MI300A,2024-04-01,2024-06-30,10635,3795.0,17597.0,10732,3830.0,17757.0,,"Excludes Microsoft, Meta, Oracle, China. Estimates generated on: 04-03-2026 12:25",,8156618,2911087.0,13495445.0
Other Instinct MI250X FY24 Q2,AMD,Other,Instinct MI250X,2024-04-01,2024-06-30,1276,205.0,2394.0,6596,1061.0,12370.0,,"Excludes Microsoft, Meta, Oracle, China. Estimates generated on: 04-03-2026 12:25",,3298096,530790.0,6185484.0
Microsoft Instinct MI300X FY24 Q2,AMD,Microsoft,Instinct MI300X,2024-04-01,2024-06-30,26070,18813.0,35724.0,19730,14238.0,27036.0,,Estimates generated on: 04-03-2026 12:25,,14797927,10678846.0,20277444.0
Meta Instinct MI300X FY24 Q2,AMD,Meta,Instinct MI300X,2024-04-01,2024-06-30,41121,28671.0,58412.0,31121,21699.0,44207.0,,Estimates generated on: 04-03-2026 12:25,,23340959,16274407.0,33155575.0
Other Instinct MI300X FY24 Q2,AMD,Other,Instinct MI300X,2024-04-01,2024-06-30,28271,14263.0,42805.0,21396,10794.0,32395.0,,"Excludes Microsoft, Meta, Oracle, China. Estimates generated on: 04-03-2026 12:25",,16047153,8096192.0,24296801.0
Other Instinct MI300A FY24 Q3,AMD,Other,Instinct MI300A,2024-07-01,2024-09-30,42773,32256.0,54899.0,43161,32548.0,55397.0,,"Excludes Microsoft, Meta, Oracle, China. Estimates generated on: 04-03-2026 12:25",,32802573,24737176.0,42102158.0
Other Instinct MI250X FY24 Q3,AMD,Other,Instinct MI250X,2024-07-01,2024-09-30,848,255.0,1503.0,4385,1321.0,7769.0,,"Excludes Microsoft, Meta, Oracle, China. Estimates generated on: 04-03-2026 12:25",,2192803,660741.0,3884899.0
Microsoft Instinct MI300X FY24 Q3,AMD,Microsoft,Instinct MI300X,2024-07-01,2024-09-30,30872,22784.0,41419.0,23364,17243.0,31347.0,,Estimates generated on: 04-03-2026 12:25,,17523729,12932798.0,23510490.0
Meta Instinct MI300X FY24 Q3,AMD,Meta,Instinct MI300X,2024-07-01,2024-09-30,48630,34711.0,68040.0,36804,26270.0,51493.0,,Estimates generated on: 04-03-2026 12:25,,27603266,19702816.0,38620400.0
Other Instinct MI300X FY24 Q3,AMD,Other,Instinct MI300X,2024-07-01,2024-09-30,33085,16557.0,49891.0,25040,12530.0,37758.0,,"Excludes Microsoft, Meta, Oracle, China. Estimates generated on: 04-03-2026 12:25",,18780024,9398112.0,28318875.0
Other Instinct MI300A FY24 Q4,AMD,Other,Instinct MI300A,2024-10-01,2024-12-31,51878,39478.0,64597.0,52349,39836.0,65183.0,,"Excludes Microsoft, Meta, Oracle, China. Estimates generated on: 04-03-2026 12:25",,39785790,30275593.0,49539774.0
Other Instinct MI250X FY24 Q4,AMD,Other,Instinct MI250X,2024-10-01,2024-12-31,690,346.0,1114.0,3566,1792.0,5756.0,,"Excludes Microsoft, Meta, Oracle, China. Estimates generated on: 04-03-2026 12:25",,1783277,896286.0,2878265.0
Microsoft Instinct MI300X FY24 Q4,AMD,Microsoft,Instinct MI300X,2024-10-01,2024-12-31,37559,27970.0,50377.0,28425,21168.0,38126.0,,Estimates generated on: 04-03-2026 12:25,,21319039,15876668.0,28594873.0
Meta Instinct MI300X FY24 Q4,AMD,Meta,Instinct MI300X,2024-10-01,2024-12-31,59183,42464.0,82006.0,44791,32137.0,62063.0,,Estimates generated on: 04-03-2026 12:25,,33593309,24103290.0,46547904.0
Other Instinct MI300X FY24 Q4,AMD,Other,Instinct MI300X,2024-10-01,2024-12-31,39750,19942.0,60197.0,30083,15092.0,45558.0,,"Excludes Microsoft, Meta, Oracle, China. Estimates generated on: 04-03-2026 12:25",,22562672,11319597.0,34168689.0
Other Instinct MI300A FY25 Q1,AMD,Other,Instinct MI300A,2025-01-01,2025-03-31,4600,2186.0,7678.0,4642,2206.0,7748.0,,"Excludes Microsoft, Meta, Oracle, China. Estimates generated on: 04-03-2026 12:25",,3527939,1676994.0,5888908.0
Microsoft Instinct MI300X FY25 Q1,AMD,Microsoft,Instinct MI300X,2025-01-01,2025-03-31,26088,15348.0,42157.0,19743,11616.0,31905.0,,Estimates generated on: 04-03-2026 12:25,,14807992,8712136.0,23928932.0
Meta Instinct MI300X FY25 Q1,AMD,Meta,Instinct MI300X,2025-01-01,2025-03-31,48069,30074.0,74226.0,36379,22760.0,56175.0,,Estimates generated on: 04-03-2026 12:25,,27284748,17070500.0,42131777.0
Other Instinct MI300X FY25 Q1,AMD,Other,Instinct MI300X,2025-01-01,2025-03-31,25245,45.0,48762.0,19106,34.0,36904.0,,"Excludes Microsoft, Meta, Oracle, China. Estimates generated on: 04-03-2026 12:25",,14329845,25888.0,27678095.0
Microsoft Instinct MI325X FY25 Q1,AMD,Microsoft,Instinct MI325X,2025-01-01,2025-03-31,9836,5015.0,18200.0,7487,3817.0,13853.0,,Estimates generated on: 04-03-2026 12:25,,7487155,3817646.0,13853587.0
Meta Instinct MI325X FY25 Q1,AMD,Meta,Instinct MI325X,2025-01-01,2025-03-31,17913,9912.0,32651.0,13634,7544.0,24853.0,,Estimates generated on: 04-03-2026 12:25,,13634565,7544685.0,24853140.0
Other Instinct MI325X FY25 Q1,AMD,Other,Instinct MI325X,2025-01-01,2025-03-31,9334,11.0,20276.0,7105,8.0,15433.0,,"Excludes Microsoft, Meta, Oracle, China. Estimates generated on: 04-03-2026 12:25",,7105053,8807.0,15433767.0
Microsoft Instinct MI300X FY25 Q2,AMD,Microsoft,Instinct MI300X,2025-04-01,2025-06-30,13741,7760.0,24274.0,10400,5873.0,18371.0,,Estimates generated on: 04-03-2026 12:25,,7800052,4404995.0,13778474.0
Meta Instinct MI300X FY25 Q2,AMD,Meta,Instinct MI300X,2025-04-01,2025-06-30,25807,15129.0,42482.0,19531,11449.0,32151.0,,Estimates generated on: 04-03-2026 12:25,,14648707,8587449.0,24113760.0
Other Instinct MI300X FY25 Q2,AMD,Other,Instinct MI300X,2025-04-01,2025-06-30,13282,286.0,27093.0,10052,216.0,20504.0,,"Excludes Microsoft, Meta, Oracle, China. Estimates generated on: 04-03-2026 12:25",,7539470,162572.0,15378547.0
Microsoft Instinct MI325X FY25 Q2,AMD,Microsoft,Instinct MI325X,2025-04-01,2025-06-30,7936,4088.0,15073.0,6040,3111.0,11473.0,,Estimates generated on: 04-03-2026 12:25,,6040649,3111684.0,11473529.0
Meta Instinct MI325X FY25 Q2,AMD,Meta,Instinct MI325X,2025-04-01,2025-06-30,14805,7910.0,27236.0,11269,6020.0,20730.0,,Estimates generated on: 04-03-2026 12:25,,11269088,6020893.0,20730835.0
Other Instinct MI325X FY25 Q2,AMD,Other,Instinct MI325X,2025-04-01,2025-06-30,7583,157.0,17053.0,5771,119.0,12980.0,,"Excludes Microsoft, Meta, Oracle, China. Estimates generated on: 04-03-2026 12:25",,5771854,119723.0,12980057.0
Microsoft Instinct MI350X FY25 Q2,AMD,Microsoft,Instinct MI350X,2025-04-01,2025-06-30,2157,801.0,4287.0,925,343.0,1839.0,,Estimates generated on: 04-03-2026 12:25,,925377,343677.0,1839045.0
Meta Instinct MI350X FY25 Q2,AMD,Meta,Instinct MI350X,2025-04-01,2025-06-30,4032,1506.0,7623.0,1729,646.0,3269.0,,Estimates generated on: 04-03-2026 12:25,,1729582,646069.0,3269758.0
Other Instinct MI350X FY25 Q2,AMD,Other,Instinct MI350X,2025-04-01,2025-06-30,2009,7.0,4851.0,862,3.0,2080.0,,"Excludes Microsoft, Meta, Oracle, China. Estimates generated on: 04-03-2026 12:25",,862073,3177.0,2080877.0
Microsoft Instinct MI300X FY25 Q3,AMD,Microsoft,Instinct MI300X,2025-07-01,2025-09-30,14035,7349.0,24381.0,10622,5562.0,18452.0,,Estimates generated on: 04-03-2026 12:25,,7966614,4171579.0,13839108.0
Meta Instinct MI300X FY25 Q3,AMD,Meta,Instinct MI300X,2025-07-01,2025-09-30,25533,14299.0,42989.0,19324,10822.0,32535.0,,Estimates generated on: 04-03-2026 12:25,,14493372,8116823.0,24401301.0
Other Instinct MI300X FY25 Q3,AMD,Other,Instinct MI300X,2025-07-01,2025-09-30,13283,258.0,27694.0,10052,195.0,20959.0,,"Excludes Microsoft, Meta, Oracle, China. Estimates generated on: 04-03-2026 12:25",,7539734,146599.0,15719927.0
Microsoft Instinct MI325X FY25 Q3,AMD,Microsoft,Instinct MI325X,2025-07-01,2025-09-30,5884,2190.0,12175.0,4479,1666.0,9267.0,,Estimates generated on: 04-03-2026 12:25,,4479331,1666948.0,9267295.0
Meta Instinct MI325X FY25 Q3,AMD,Meta,Instinct MI325X,2025-07-01,2025-09-30,10763,4136.0,21758.0,8192,3148.0,16561.0,,Estimates generated on: 04-03-2026 12:25,,8192375,3148768.0,16561418.0
Other Instinct MI325X FY25 Q3,AMD,Other,Instinct MI325X,2025-07-01,2025-09-30,5384,0.0,13684.0,4098,0.0,10415.0,,"Excludes Microsoft, Meta, Oracle, China. Estimates generated on: 04-03-2026 12:25",,4098610,0.0,10415671.0
Microsoft Instinct MI350X FY25 Q3,AMD,Microsoft,Instinct MI350X,2025-07-01,2025-09-30,19459,11773.0,31452.0,8346,5049.0,13490.0,,Estimates generated on: 04-03-2026 12:25,,8346280,5049987.0,13490315.0
Meta Instinct MI350X FY25 Q3,AMD,Meta,Instinct MI350X,2025-07-01,2025-09-30,35863,23011.0,54165.0,15382,9869.0,23232.0,,Estimates generated on: 04-03-2026 12:25,,15382420,9869916.0,23232361.0
Other Instinct MI350X FY25 Q3,AMD,Other,Instinct MI350X,2025-07-01,2025-09-30,19092,401.0,36168.0,8188,172.0,15512.0,,"Excludes Microsoft, Meta, Oracle, China. Estimates generated on: 04-03-2026 12:25",,8188950,172209.0,15512999.0
Microsoft Instinct MI355X FY25 Q3,AMD,Microsoft,Instinct MI355X,2025-07-01,2025-09-30,7287,3988.0,12450.0,2865,1568.0,4895.0,,Estimates generated on: 04-03-2026 12:25,,4011472,2195649.0,6853766.0
Meta Instinct MI355X FY25 Q3,AMD,Meta,Instinct MI355X,2025-07-01,2025-09-30,13231,7807.0,21657.0,5202,3069.0,8515.0,,Estimates generated on: 04-03-2026 12:25,,7283214,4297897.0,11921840.0
Other Instinct MI355X FY25 Q3,AMD,Other,Instinct MI355X,2025-07-01,2025-09-30,6969,144.0,14229.0,2740,56.0,5594.0,,"Excludes Microsoft, Meta, Oracle, China. Estimates generated on: 04-03-2026 12:25",,3836730,79732.0,7832715.0
Microsoft Instinct MI300X FY25 Q4,AMD,Microsoft,Instinct MI300X,2025-10-01,2025-12-31,3361,1754.0,6263.0,2544,1327.0,4740.0,,Estimates generated on: 04-03-2026 12:25,,1908076,995853.0,3555466.0
Meta Instinct MI300X FY25 Q4,AMD,Meta,Instinct MI300X,2025-10-01,2025-12-31,6312,3376.0,10980.0,4777,2555.0,8309.0,,Estimates generated on: 04-03-2026 12:25,,3583012,1916589.0,6232443.0
Other Instinct MI300X FY25 Q4,AMD,Other,Instinct MI300X,2025-10-01,2025-12-31,3239,12.0,6989.0,2451,9.0,5290.0,,"Excludes Microsoft, Meta, Oracle, China. Estimates generated on: 04-03-2026 12:25",,1838781,7129.0,3967579.0
Microsoft Instinct MI325X FY25 Q4,AMD,Microsoft,Instinct MI325X,2025-10-01,2025-12-31,3799,1651.0,7874.0,2892,1257.0,5994.0,,Estimates generated on: 04-03-2026 12:25,,2892317,1257308.0,5994011.0
Meta Instinct MI325X FY25 Q4,AMD,Meta,Instinct MI325X,2025-10-01,2025-12-31,7069,3180.0,13999.0,5381,2420.0,10656.0,,Estimates generated on: 04-03-2026 12:25,,5381208,2420952.0,10656071.0
Other Instinct MI325X FY25 Q4,AMD,Other,Instinct MI325X,2025-10-01,2025-12-31,3583,7.0,8692.0,2727,5.0,6616.0,,"Excludes Microsoft, Meta, Oracle, China. Estimates generated on: 04-03-2026 12:25",,2727712,5856.0,6616147.0
Microsoft Instinct MI350X FY25 Q4,AMD,Microsoft,Instinct MI350X,2025-10-01,2025-12-31,18491,10704.0,31939.0,7931,4591.0,13699.0,,Estimates generated on: 04-03-2026 12:25,,7931272,4591347.0,13699418.0
Meta Instinct MI350X FY25 Q4,AMD,Meta,Instinct MI350X,2025-10-01,2025-12-31,34717,21200.0,54545.0,14890,9093.0,23395.0,,Estimates generated on: 04-03-2026 12:25,,14890792,9093312.0,23395118.0
Other Instinct MI350X FY25 Q4,AMD,Other,Instinct MI350X,2025-10-01,2025-12-31,18385,68.0,35859.0,7885,29.0,15380.0,,"Excludes Microsoft, Meta, Oracle, China. Estimates generated on: 04-03-2026 12:25",,7885664,29508.0,15380675.0
Microsoft Instinct MI355X FY25 Q4,AMD,Microsoft,Instinct MI355X,2025-10-01,2025-12-31,21393,12882.0,35709.0,8411,5065.0,14040.0,,Estimates generated on: 04-03-2026 12:25,,11776243,7091144.0,19656773.0
Meta Instinct MI355X FY25 Q4,AMD,Meta,Instinct MI355X,2025-10-01,2025-12-31,39896,25152.0,61436.0,15686,9889.0,24156.0,,Estimates generated on: 04-03-2026 12:25,,21961432,13845723.0,33818661.0
Other Instinct MI355X FY25 Q4,AMD,Other,Instinct MI355X,2025-10-01,2025-12-31,21218,73.0,40933.0,8343,28.0,16094.0,,"Excludes Microsoft, Meta, Oracle, China. Estimates generated on: 04-03-2026 12:25",,11680308,40357.0,22532273.0
China Instinct MI308X FY25 Q4,AMD,China,Instinct MI308X,2025-10-01,2025-12-31,10523,8605.0,12837.0,31859,26053.0,38862.0,,Estimates generated on: 04-03-2026 12:25,,23894625,19540096.0,29147142.0
xAI H100/H200 added in Q3 2024,Nvidia,xAI,H100/H200,2024-07-01,2024-09-30,100000,,,100000,,,https://epoch.ai/data/data-centers,,,70000000,,
xAI H100/H200 added in Q4 2024,Nvidia,xAI,H100/H200,2024-10-01,2024-12-31,0,,,0,,,https://epoch.ai/data/data-centers,,,0,,
xAI H100/H200 added in Q1 2025,Nvidia,xAI,H100/H200,2025-01-01,2025-03-31,100000,,,100000,,,https://epoch.ai/data/data-centers,,,70000000,,
xAI H100/H200 added in Q2 2025,Nvidia,xAI,H100/H200,2025-04-01,2025-06-30,0,,,0,,,https://epoch.ai/data/data-centers,,,0,,
xAI B200 added in Q3 2025,Nvidia,xAI,B200,2025-07-01,2025-09-30,353713,,,140000,,,https://epoch.ai/data/data-centers,,,168000000,,
xAI H100/H200 added in Q3 2025,Nvidia,xAI,H100/H200,2025-07-01,2025-09-30,0,,,0,,,https://epoch.ai/data/data-centers,,,0,,
xAI B200 added in Q4 2025,Nvidia,xAI,B200,2025-10-01,2025-12-31,0,,,0,,,https://epoch.ai/data/data-centers,,,0,,
xAI H100/H200 added in Q4 2025,Nvidia,xAI,H100/H200,2025-10-01,2025-12-31,0,,,0,,,https://epoch.ai/data/data-centers,,,0,,
Oracle A100 Q1 2022,Nvidia,Oracle,A100,2022-01-01,2022-03-31,1606,754.0,3440.0,5093,2393.0,10910.0,,Estimates generated on: 04-15-2026 18:24,,2037411,957264.0,4364007.0
Oracle A100 Q2 2022,Nvidia,Oracle,A100,2022-04-01,2022-06-30,1732,807.0,3648.0,5495,2560.0,11569.0,,Estimates generated on: 04-15-2026 18:24,,2198046,1024397.0,4627948.0
Oracle A100 Q3 2022,Nvidia,Oracle,A100,2022-07-01,2022-09-30,1651,762.0,3427.0,5238,2417.0,10868.0,,Estimates generated on: 04-15-2026 18:24,,2095501,966892.0,4347496.0
Oracle H100/H200 Q3 2022,Nvidia,Oracle,H100/H200,2022-07-01,2022-09-30,142,62.0,319.0,142,62.0,319.0,,Estimates generated on: 04-15-2026 18:24,,99872,43460.0,223399.0
Oracle A100 Q4 2022,Nvidia,Oracle,A100,2022-10-01,2022-12-31,1177,626.0,2196.0,3735,1985.0,6966.0,,Estimates generated on: 04-15-2026 18:24,,1494304,794266.0,2786653.0
Oracle H100/H200 Q4 2022,Nvidia,Oracle,H100/H200,2022-10-01,2022-12-31,1392,781.0,2449.0,1392,781.0,2449.0,,Estimates generated on: 04-15-2026 18:24,,974961,547272.0,1714763.0
Oracle A100 Q1 2023,Nvidia,Oracle,A100,2023-01-01,2023-03-31,836,487.0,1469.0,2651,1545.0,4660.0,,Estimates generated on: 04-15-2026 18:24,,1060786,618103.0,1864395.0
Oracle H100/H200 Q1 2023,Nvidia,Oracle,H100/H200,2023-01-01,2023-03-31,2530,1520.0,4309.0,2530,1520.0,4309.0,,Estimates generated on: 04-15-2026 18:24,,1771615,1064649.0,3016802.0
Oracle A100 Q2 2023,Nvidia,Oracle,A100,2023-04-01,2023-06-30,916,530.0,1597.0,2907,1682.0,5067.0,,Estimates generated on: 04-15-2026 18:24,,1162950,672854.0,2027096.0
Oracle H100/H200 Q2 2023,Nvidia,Oracle,H100/H200,2023-04-01,2023-06-30,6794,4017.0,11649.0,6794,4017.0,11649.0,,Estimates generated on: 04-15-2026 18:24,,4756078,2812187.0,8154595.0
Oracle A100 Q3 2023,Nvidia,Oracle,A100,2023-07-01,2023-09-30,787,461.0,1368.0,2496,1463.0,4341.0,,Estimates generated on: 04-15-2026 18:24,,998701,585472.0,1736689.0
Oracle H100/H200 Q3 2023,Nvidia,Oracle,H100/H200,2023-07-01,2023-09-30,11680,6983.0,19733.0,11680,6983.0,19733.0,,Estimates generated on: 04-15-2026 18:24,,8176682,4888278.0,13813592.0
Oracle A100 Q4 2023,Nvidia,Oracle,A100,2023-10-01,2023-12-31,213,117.0,399.0,676,371.0,1266.0,,Estimates generated on: 04-15-2026 18:24,,270463,148697.0,506456.0
Oracle H100/H200 Q4 2023,Nvidia,Oracle,H100/H200,2023-10-01,2023-12-31,22426,14548.0,34723.0,22426,14548.0,34723.0,,Estimates generated on: 04-15-2026 18:24,,15698415,10184103.0,24306734.0
Oracle H100/H200 Q1 2024,Nvidia,Oracle,H100/H200,2024-01-01,2024-03-31,33715,22335.0,50745.0,33715,22335.0,50745.0,,Estimates generated on: 04-15-2026 18:24,,23601009,15635020.0,35521842.0
Oracle H100/H200 Q2 2024,Nvidia,Oracle,H100/H200,2024-04-01,2024-06-30,41632,27433.0,62253.0,41632,27433.0,62253.0,,Estimates generated on: 04-15-2026 18:24,,29142831,19203321.0,43577560.0
Oracle H100/H200 Q3 2024,Nvidia,Oracle,H100/H200,2024-07-01,2024-09-30,50488,33738.0,76123.0,50488,33738.0,76123.0,,Estimates generated on: 04-15-2026 18:24,,35341605,23616631.0,53286780.0
Oracle H100/H200 Q4 2024,Nvidia,Oracle,H100/H200,2024-10-01,2024-12-31,48028,34097.0,67764.0,48028,34097.0,67764.0,,Estimates generated on: 04-15-2026 18:24,,33620205,23868200.0,47435056.0
Oracle B200 Q4 2024,Nvidia,Oracle,B200,2024-10-01,2024-12-31,37740,26273.0,53413.0,14937,10398.0,21141.0,,Estimates generated on: 04-15-2026 18:24,,17925131,12478676.0,25369201.0
Oracle H100/H200 Q1 2025,Nvidia,Oracle,H100/H200,2025-01-01,2025-03-31,28222,20566.0,38629.0,28222,20566.0,38629.0,,Estimates generated on: 04-15-2026 18:24,,19755595,14396553.0,27040485.0
Oracle B200 Q1 2025,Nvidia,Oracle,B200,2025-01-01,2025-03-31,124387,89289.0,173210.0,49232,35340.0,68556.0,,Estimates generated on: 04-15-2026 18:24,,59078961,42408786.0,82268213.0
Oracle H100/H200 Q2 2025,Nvidia,Oracle,H100/H200,2025-04-01,2025-06-30,21239,15186.0,29851.0,21239,15186.0,29851.0,,Estimates generated on: 04-15-2026 18:24,,14867728,10630373.0,20895975.0
Oracle B200 Q2 2025,Nvidia,Oracle,B200,2025-04-01,2025-06-30,103604,74390.0,143708.0,41006,29443.0,56879.0,,Estimates generated on: 04-15-2026 18:24,,49208222,35332677.0,68255758.0
Oracle B300 Q2 2025,Nvidia,Oracle,B300,2025-04-01,2025-06-30,49291,33840.0,72431.0,19509,13394.0,28668.0,,Estimates generated on: 04-15-2026 18:24,,27313340,18751888.0,40135473.0
Oracle H100/H200 Q3 2025,Nvidia,Oracle,H100/H200,2025-07-01,2025-09-30,11186,8090.0,15578.0,11186,8090.0,15578.0,,Estimates generated on: 04-15-2026 18:24,,7830303,5663034.0,10904640.0
Oracle B200 Q3 2025,Nvidia,Oracle,B200,2025-07-01,2025-09-30,76146,54992.0,104798.0,30138,21766.0,41479.0,,Estimates generated on: 04-15-2026 18:24,,36166693,26119461.0,49774876.0
Oracle B300 Q3 2025,Nvidia,Oracle,B300,2025-07-01,2025-09-30,117709,84694.0,165388.0,46589,33522.0,65460.0,,Estimates generated on: 04-15-2026 18:24,,65225324,46931094.0,91644923.0
Oracle H100/H200 Q4 2025,Nvidia,Oracle,H100/H200,2025-10-01,2025-12-31,1982,1408.0,2810.0,1982,1408.0,2810.0,,Estimates generated on: 04-15-2026 18:24,,1387930,985701.0,1967142.0
Oracle B200 Q4 2025,Nvidia,Oracle,B200,2025-10-01,2025-12-31,80762,57209.0,114586.0,31965,22643.0,45353.0,,Estimates generated on: 04-15-2026 18:24,,38359076,27172347.0,54424144.0
Oracle B300 Q4 2025,Nvidia,Oracle,B300,2025-10-01,2025-12-31,143425,102845.0,205861.0,56767,40706.0,81479.0,,Estimates generated on: 04-15-2026 18:24,,79474811,56988540.0,114071722.0
Oracle B200 Q1 2026,Nvidia,Oracle,B200,2026-01-01,2026-03-31,22600,15514.0,33484.0,8945,6140.0,13253.0,,Incomplete: based on Nvidia fiscal quarters ending 1/25/2026. Estimates generated on: 04-15-2026 18:24,true,10734344,7368959.0,15903964.0
Oracle B300 Q1 2026,Nvidia,Oracle,B300,2026-01-01,2026-03-31,39645,27130.0,58925.0,15691,10738.0,23322.0,,Incomplete: based on Nvidia fiscal quarters ending 1/25/2026. Estimates generated on: 04-15-2026 18:24,true,21968399,15033505.0,32652005.0
Oracle Instinct MI300X FY24 Q1,AMD,Oracle,Instinct MI300X,2024-01-01,2024-03-31,4460,3035.0,6591.0,3376,2297.0,4988.0,,Estimates generated on: 04-03-2026 12:25,,2532052,1723232.0,3741416.0
Oracle Instinct MI300X FY24 Q2,AMD,Oracle,Instinct MI300X,2024-04-01,2024-06-30,10398,7586.0,14136.0,7870,5741.0,10699.0,,Estimates generated on: 04-03-2026 12:25,,5902526,4306422.0,8024258.0
Oracle Instinct MI300X FY24 Q3,AMD,Oracle,Instinct MI300X,2024-07-01,2024-09-30,12340,9103.0,16635.0,9339,6889.0,12589.0,,Estimates generated on: 04-03-2026 12:25,,7004567,5167079.0,9442480.0
Oracle Instinct MI300X FY24 Q4,AMD,Oracle,Instinct MI300X,2024-10-01,2024-12-31,15034,11059.0,20042.0,11378,8370.0,15168.0,,Estimates generated on: 04-03-2026 12:25,,8533907,6277633.0,11376369.0
Oracle Instinct MI300X FY25 Q1,AMD,Oracle,Instinct MI300X,2025-01-01,2025-03-31,11309,5208.0,23573.0,8559,3941.0,17841.0,,Estimates generated on: 04-03-2026 12:25,,6419651,2956410.0,13380806.0
Oracle Instinct MI325X FY25 Q1,AMD,Oracle,Instinct MI325X,2025-01-01,2025-03-31,4213,1759.0,9979.0,3206,1339.0,7595.0,,Estimates generated on: 04-03-2026 12:25,,3206870,1339471.0,7595627.0
Oracle Instinct MI300X FY25 Q2,AMD,Oracle,Instinct MI300X,2025-04-01,2025-06-30,6004,2774.0,13415.0,4544,2099.0,10153.0,,Estimates generated on: 04-03-2026 12:25,,3408327,1574737.0,7614857.0
Oracle Instinct MI325X FY25 Q2,AMD,Oracle,Instinct MI325X,2025-04-01,2025-06-30,3489,1468.0,8263.0,2656,1117.0,6289.0,,Estimates generated on: 04-03-2026 12:25,,2656350,1117415.0,6289957.0
Oracle Instinct MI350X FY25 Q2,AMD,Oracle,Instinct MI350X,2025-04-01,2025-06-30,931,301.0,2337.0,399,129.0,1002.0,,Estimates generated on: 04-03-2026 12:25,,399400,129415.0,1002755.0
Oracle Instinct MI300X FY25 Q3,AMD,Oracle,Instinct MI300X,2025-07-01,2025-09-30,5987,2629.0,13231.0,4531,1990.0,10013.0,,Estimates generated on: 04-03-2026 12:25,,3398355,1492632.0,7510140.0
Oracle Instinct MI325X FY25 Q3,AMD,Oracle,Instinct MI325X,2025-07-01,2025-09-30,2493,778.0,6468.0,1897,592.0,4923.0,,Estimates generated on: 04-03-2026 12:25,,1897810,592827.0,4923661.0
Oracle Instinct MI350X FY25 Q3,AMD,Oracle,Instinct MI350X,2025-07-01,2025-09-30,8402,4016.0,17594.0,3604,1722.0,7546.0,,Estimates generated on: 04-03-2026 12:25,,3604030,1722758.0,7546693.0
Oracle Instinct MI355X FY25 Q3,AMD,Oracle,Instinct MI355X,2025-07-01,2025-09-30,3109,1419.0,6826.0,1222,558.0,2684.0,,Estimates generated on: 04-03-2026 12:25,,1711415,781619.0,3757971.0
Oracle Instinct MI300X FY25 Q4,AMD,Oracle,Instinct MI300X,2025-10-01,2025-12-31,1452,626.0,3400.0,1099,474.0,2573.0,,Estimates generated on: 04-03-2026 12:25,,824412,355695.0,1929937.0
Oracle Instinct MI325X FY25 Q4,AMD,Oracle,Instinct MI325X,2025-10-01,2025-12-31,1639,605.0,4132.0,1247,460.0,3145.0,,Estimates generated on: 04-03-2026 12:25,,1247901,460813.0,3145724.0
Oracle Instinct MI350X FY25 Q4,AMD,Oracle,Instinct MI350X,2025-10-01,2025-12-31,8025,3786.0,17146.0,3442,1624.0,7354.0,,Estimates generated on: 04-03-2026 12:25,,3442303,1624236.0,7354255.0
Oracle Instinct MI355X FY25 Q4,AMD,Oracle,Instinct MI355X,2025-10-01,2025-12-31,9270,4393.0,19938.0,3645,1727.0,7839.0,,Estimates generated on: 04-03-2026 12:25,,5103001,2418541.0,10975410.0
Q1 2024 Ascend 910B,Huawei,China,Ascend 910B,2024-01-01,2024-03-31,35379,27363.0,45991.0,100000,87500.0,125000.0,see methodology,Confidence intervals in units are relatively unprincipled due to lack of revenue model. Don't take them too literally. H100e conversion incorporates some uncertainty over average chip specifications. See methodology,,40000000,35000000.0,50000000.0
Q2 2024 Ascend 910B,Huawei,China,Ascend 910B,2024-04-01,2024-06-30,35379,27363.0,45991.0,100000,87500.0,125000.0,see methodology,Confidence intervals in units are relatively unprincipled due to lack of revenue model. Don't take them too literally. H100e conversion incorporates some uncertainty over average chip specifications. See methodology,,40000000,35000000.0,50000000.0
Q3 2024 Ascend 910B,Huawei,China,Ascend 910B,2024-07-01,2024-09-30,35379,27363.0,45991.0,100000,87500.0,125000.0,see methodology,Confidence intervals in units are relatively unprincipled due to lack of revenue model. Don't take them too literally. H100e conversion incorporates some uncertainty over average chip specifications. See methodology,,40000000,35000000.0,50000000.0
Q4 2024 Ascend 910B,Huawei,China,Ascend 910B,2024-10-01,2024-12-31,35379,27363.0,45991.0,100000,87500.0,125000.0,see methodology,Confidence intervals in units are relatively unprincipled due to lack of revenue model. Don't take them too literally. H100e conversion incorporates some uncertainty over average chip specifications. See methodology,,40000000,35000000.0,50000000.0
Q1 2025 Ascend 910B,Huawei,China,Ascend 910B,2025-01-01,2025-03-31,16817,11947.0,23883.0,50000,37500.0,66500.0,see methodology,Confidence intervals in units are relatively unprincipled due to lack of revenue model. Don't take them too literally. H100e conversion incorporates some uncertainty over average chip specifications. See methodology,,20000000,15000000.0,26600000.0
Q2 2025 Ascend 910B,Huawei,China,Ascend 910B,2025-04-01,2025-06-30,16817,11947.0,23883.0,50000,37500.0,66500.0,see methodology,Confidence intervals in units are relatively unprincipled due to lack of revenue model. Don't take them too literally. H100e conversion incorporates some uncertainty over average chip specifications. See methodology,,20000000,15000000.0,26600000.0
Q3 2025 Ascend 910B,Huawei,China,Ascend 910B,2025-07-01,2025-09-30,16817,11947.0,23883.0,50000,37500.0,66500.0,see methodology,Confidence intervals in units are relatively unprincipled due to lack of revenue model. Don't take them too literally. H100e conversion incorporates some uncertainty over average chip specifications. See methodology,,20000000,15000000.0,26600000.0
Q4 2025 Ascend 910B,Huawei,China,Ascend 910B,2025-10-01,2025-12-31,16817,11947.0,23883.0,50000,37500.0,66500.0,see methodology,Confidence intervals in units are relatively unprincipled due to lack of revenue model. Don't take them too literally. H100e conversion incorporates some uncertainty over average chip specifications. See methodology,,20000000,15000000.0,26600000.0
Q1 2024 Ascend 910C,Huawei,China,Ascend 910C,2024-01-01,2024-03-31,9649,4877.0,18995.0,12500,6250.0,25000.0,see methodology,Confidence intervals in units are relatively unprincipled due to lack of revenue model. Don't take them too literally. H100e conversion incorporates some uncertainty over average chip specifications. See methodology,,8750000,4375000.0,17500000.0
Q2 2024 Ascend 910C,Huawei,China,Ascend 910C,2024-04-01,2024-06-30,9649,4877.0,18995.0,12500,6250.0,25000.0,see methodology,Confidence intervals in units are relatively unprincipled due to lack of revenue model. Don't take them too literally. H100e conversion incorporates some uncertainty over average chip specifications. See methodology,,8750000,4375000.0,17500000.0
Q3 2024 Ascend 910C,Huawei,China,Ascend 910C,2024-07-01,2024-09-30,9649,4877.0,18995.0,12500,6250.0,25000.0,see methodology,Confidence intervals in units are relatively unprincipled due to lack of revenue model. Don't take them too literally. H100e conversion incorporates some uncertainty over average chip specifications. See methodology,,8750000,4375000.0,17500000.0
Q4 2024 Ascend 910C,Huawei,China,Ascend 910C,2024-10-01,2024-12-31,9649,4877.0,18995.0,12500,6250.0,25000.0,see methodology,Confidence intervals in units are relatively unprincipled due to lack of revenue model. Don't take them too literally. H100e conversion incorporates some uncertainty over average chip specifications. See methodology,,8750000,4375000.0,17500000.0
Q1 2025 Ascend 910C,Huawei,China,Ascend 910C,2025-01-01,2025-03-31,115147,97199.0,136011.0,150000,125000.0,175000.0,see methodology,Confidence intervals in units are relatively unprincipled due to lack of revenue model. Don't take them too literally. H100e conversion incorporates some uncertainty over average chip specifications. See methodology,,105000000,87500000.0,122500000.0
Q2 2025 Ascend 910C,Huawei,China,Ascend 910C,2025-04-01,2025-06-30,115147,97199.0,136011.0,150000,125000.0,175000.0,see methodology,Confidence intervals in units are relatively unprincipled due to lack of revenue model. Don't take them too literally. H100e conversion incorporates some uncertainty over average chip specifications. See methodology,,105000000,87500000.0,122500000.0
Q3 2025 Ascend 910C,Huawei,China,Ascend 910C,2025-07-01,2025-09-30,115147,97199.0,136011.0,150000,125000.0,175000.0,see methodology,Confidence intervals in units are relatively unprincipled due to lack of revenue model. Don't take them too literally. H100e conversion incorporates some uncertainty over average chip specifications. See methodology,,105000000,87500000.0,122500000.0
Q4 2025 Ascend 910C,Huawei,China,Ascend 910C,2025-10-01,2025-12-31,115147,97199.0,136011.0,150000,125000.0,175000.0,see methodology,Confidence intervals in units are relatively unprincipled due to lack of revenue model. Don't take them too literally. H100e conversion incorporates some uncertainty over average chip specifications. See methodology,,105000000,87500000.0,122500000.0
CoreWeave H100/H200 Q1 2023,Nvidia,CoreWeave,H100/H200,2023-01-01,2023-03-31,4611,4611.0,4611.0,4611,4611.0,4611.0,,Estimates generated on: 04-22-2026 12:04,,3227700,3227700.0,3227700.0
CoreWeave H100/H200 Q2 2023,Nvidia,CoreWeave,H100/H200,2023-04-01,2023-06-30,7501,7501.0,7501.0,7501,7501.0,7501.0,,Estimates generated on: 04-22-2026 12:04,,5250700,5250700.0,5250700.0
CoreWeave H100/H200 Q3 2023,Nvidia,CoreWeave,H100/H200,2023-07-01,2023-09-30,12200,12200.0,12200.0,12200,12200.0,12200.0,,Estimates generated on: 04-22-2026 12:04,,8540000,8540000.0,8540000.0
CoreWeave H100/H200 Q4 2023,Nvidia,CoreWeave,H100/H200,2023-10-01,2023-12-31,19845,19845.0,19845.0,19845,19845.0,19845.0,,Estimates generated on: 04-22-2026 12:04,,13891500,13891500.0,13891500.0
CoreWeave H100/H200 Q1 2024,Nvidia,CoreWeave,H100/H200,2024-01-01,2024-03-31,27311,16822.0,42716.0,27311,16822.0,42716.0,,Estimates generated on: 04-22-2026 12:04,,19117700,11775400.0,29901200.0
CoreWeave H100/H200 Q2 2024,Nvidia,CoreWeave,H100/H200,2024-04-01,2024-06-30,38865,27437.0,53657.0,38865,27437.0,53657.0,,Estimates generated on: 04-22-2026 12:04,,27205500,19205900.0,37559900.0
CoreWeave H100/H200 Q3 2024,Nvidia,CoreWeave,H100/H200,2024-07-01,2024-09-30,54232,40398.0,70697.0,54232,40398.0,70697.0,,Estimates generated on: 04-22-2026 12:04,,37962400,28278600.0,49487900.0
CoreWeave H100/H200 Q4 2024,Nvidia,CoreWeave,H100/H200,2024-10-01,2024-12-31,74319,58465.0,91609.0,74319,58465.0,91609.0,,Estimates generated on: 04-22-2026 12:04,,52023300,40925500.0,64126300.0
CoreWeave H100/H200 Q1 2025,Nvidia,CoreWeave,H100/H200,2025-01-01,2025-03-31,28362,26199.0,30321.0,28362,26199.0,30321.0,,Estimates generated on: 04-22-2026 12:04,,19853400,18339300.0,21224700.0
CoreWeave B200 Q1 2025,Nvidia,CoreWeave,B200,2025-01-01,2025-03-31,21225,18024.0,24676.0,8401,7134.0,9767.0,,Estimates generated on: 04-22-2026 12:04,,10081200,8560800.0,11720400.0
CoreWeave H100/H200 Q2 2025,Nvidia,CoreWeave,H100/H200,2025-04-01,2025-06-30,10163,8432.0,12101.0,10163,8432.0,12101.0,,Estimates generated on: 04-22-2026 12:04,,7114100,5902400.0,8470700.0
CoreWeave B200 Q2 2025,Nvidia,CoreWeave,B200,2025-04-01,2025-06-30,40654,36826.0,44729.0,16091,14576.0,17704.0,,Estimates generated on: 04-22-2026 12:04,,19309200,17491200.0,21244800.0
CoreWeave H100/H200 Q3 2025,Nvidia,CoreWeave,H100/H200,2025-07-01,2025-09-30,13330,9447.0,20824.0,13330,9447.0,20824.0,,Estimates generated on: 04-22-2026 12:04,,9331000,6612900.0,14576800.0
CoreWeave B200 Q3 2025,Nvidia,CoreWeave,B200,2025-07-01,2025-09-30,68064,54881.0,88870.0,26940,21722.0,35175.0,,Estimates generated on: 04-22-2026 12:04,,32328000,26066400.0,42210000.0
CoreWeave B300 Q3 2025,Nvidia,CoreWeave,B300,2025-07-01,2025-09-30,45818,16015.0,63034.0,18135,6339.0,24949.0,,Estimates generated on: 04-22-2026 12:04,,25389000,8874600.0,34928600.0
CoreWeave H100/H200 Q4 2025,Nvidia,CoreWeave,H100/H200,2025-10-01,2025-12-31,7406,4841.0,13134.0,7406,4841.0,13134.0,,Includes Q1 2026 pre-purchased inventory (GPUs held but not yet deployed); prior quarters count deployed chips only. Estimates generated on: 04-22-2026 12:04,,5184200,3388700.0,9193800.0
CoreWeave B200 Q4 2025,Nvidia,CoreWeave,B200,2025-10-01,2025-12-31,131196,113367.0,152555.0,51928,44871.0,60382.0,,Includes Q1 2026 pre-purchased inventory (GPUs held but not yet deployed); prior quarters count deployed chips only. Estimates generated on: 04-22-2026 12:04,,62313600,53845200.0,72458400.0
CoreWeave B300 Q4 2025,Nvidia,CoreWeave,B300,2025-10-01,2025-12-31,223522,198007.0,251379.0,88471,78372.0,99497.0,,Includes Q1 2026 pre-purchased inventory (GPUs held but not yet deployed); prior quarters count deployed chips only. Estimates generated on: 04-22-2026 12:04,,123859400,109720800.0,139295800.0
China Cambricon Siyuan 590 Q1 2024,Cambricon,China,Siyuan 590,2024-01-01,2024-03-31,142,136.0,153.0,547,525.0,591.0,,Cambricon methodology; quarterly allocation proportional to reported quarterly revenue,,109400,105000.0,118200.0
China Cambricon Siyuan 590 Q2 2024,Cambricon,China,Siyuan 590,2024-04-01,2024-06-30,215,207.0,23.0,832,799.0,899.0,,Cambricon methodology; quarterly allocation proportional to reported quarterly revenue,,166400,159800.0,179800.0
China Cambricon Siyuan 590 Q3 2024,Cambricon,China,Siyuan 590,2024-07-01,2024-09-30,664,637.0,717.0,2565,2462.0,2770.0,,Cambricon methodology; quarterly allocation proportional to reported quarterly revenue,,513000,492400.0,554000.0
China Cambricon Siyuan 590 Q4 2024,Cambricon,China,Siyuan 590,2024-10-01,2024-12-31,5447,5229.0,5882.0,21056,20214.0,22740.0,,Cambricon methodology; quarterly allocation proportional to reported quarterly revenue,,4211200,4042800.0,4548000.0
China Cambricon Siyuan 590 Q1 2025,Cambricon,China,Siyuan 590,2025-01-01,2025-03-31,4869,4425.0,6638.0,18817,17106.0,25659.0,,Cambricon methodology; quarterly allocation proportional to reported quarterly revenue,,3763400,3421200.0,5131800.0
China Cambricon Siyuan 590 Q2 2025,Cambricon,China,Siyuan 590,2025-04-01,2025-06-30,7749,7044.0,10567.0,29953,27230.0,40845.0,,Cambricon methodology; quarterly allocation proportional to reported quarterly revenue,,5990600,5446000.0,8169000.0
China Cambricon Siyuan 590 Q3 2025,Cambricon,China,Siyuan 590,2025-07-01,2025-09-30,7563,6877.0,10313.0,29235,26578.0,39866.0,,Cambricon methodology; quarterly allocation proportional to reported quarterly revenue,,5847000,5315600.0,7973200.0
China Cambricon Siyuan 590 Q4 2025,Cambricon,China,Siyuan 590,2025-10-01,2025-12-31,8277,7525.0,11287.0,31995,29086.0,43630.0,,Cambricon methodology; quarterly allocation proportional to reported quarterly revenue,,6399000,5817200.0,8726000.0
